EmployeeID,JobInvolvement,PerformanceRating
1,High,Excellent
2,Medium,Outstanding
3,High,Excellent
4,Medium,Excellent
5,High,Excellent
6,High,Excellent
7,High,Outstanding
8,High,Outstanding
9,High,Outstanding
10,High,Excellent
11,Medium,Excellent
12,High,Excellent
13,High,Excellent
14,Medium,Excellent
15,High,Excellent
16,High,Excellent
17,Medium,Excellent
18,High,Excellent
19,Medium,Excellent
20,High,Excellent
21,High,Excellent
22,Medium,Outstanding
23,High,Excellent
24,Low,Excellent
25,High,Excellent
26,High,Excellent
27,High,Outstanding
28,High,Excellent
29,Medium,Excellent
30,Medium,Excellent
31,Medium,Excellent
32,Medium,Excellent
33,High,Excellent
34,High,Excellent
35,High,Excellent
36,High,Excellent
37,High,Excellent
38,High,Excellent
39,Medium,Excellent
40,Medium,Excellent
41,Medium,Excellent
42,Medium,Excellent
43,High,Excellent
44,High,Excellent
45,Medium,Outstanding
46,High,Excellent
47,High,Outstanding
48,High,Outstanding
49,High,Outstanding
50,Medium,Excellent
51,Medium,Excellent
52,Medium,Excellent
53,High,Outstanding
54,High,Excellent
55,High,Excellent
56,High,Excellent
57,High,Outstanding
58,High,Excellent
59,High,Outstanding
60,High,Excellent
61,High,Outstanding
62,Very High,Excellent
63,Very High,Excellent
64,Very High,Excellent
65,High,Excellent
66,Medium,Excellent
67,High,Excellent
68,Medium,Excellent
69,High,Excellent
70,High,Excellent
71,High,Excellent
72,Very High,Outstanding
73,High,Excellent
74,High,Excellent
75,High,Excellent
76,High,Outstanding
77,High,Excellent
78,High,Excellent
79,High,Excellent
80,High,Outstanding
81,Medium,Excellent
82,Medium,Excellent
83,High,Excellent
84,High,Excellent
85,High,Excellent
86,High,Excellent
87,Very High,Excellent
88,Medium,Outstanding
89,High,Excellent
90,Very High,Excellent
91,Low,Outstanding
92,Medium,Outstanding
93,Medium,Excellent
94,High,Excellent
95,Medium,Excellent
96,High,Excellent
97,High,Outstanding
98,High,Excellent
99,High,Excellent
100,Medium,Excellent
101,Low,Outstanding
102,High,Excellent
103,Low,Excellent
104,High,Excellent
105,Low,Excellent
106,Low,Outstanding
107,Very High,Excellent
108,High,Excellent
109,Very High,Excellent
110,High,Excellent
111,Medium,Outstanding
112,High,Outstanding
113,High,Excellent
114,Very High,Excellent
115,High,Excellent
116,High,Excellent
117,Medium,Excellent
118,High,Excellent
119,High,Outstanding
120,High,Excellent
121,High,Outstanding
122,High,Excellent
123,High,Excellent
124,High,Excellent
125,High,Excellent
126,Medium,Excellent
127,High,Excellent
128,Medium,Excellent
129,High,Excellent
130,Medium,Excellent
131,Medium,Excellent
132,Medium,Excellent
133,High,Excellent
134,Medium,Excellent
135,Medium,Outstanding
136,High,Outstanding
137,Medium,Excellent
138,Medium,Excellent
139,High,Excellent
140,Very High,Excellent
141,Medium,Outstanding
142,High,Excellent
143,Low,Outstanding
144,High,Excellent
145,High,Excellent
146,Medium,Excellent
147,Medium,Excellent
148,High,Excellent
149,Medium,Outstanding
150,High,Excellent
151,High,Excellent
152,Medium,Excellent
153,High,Outstanding
154,High,Excellent
155,Medium,Excellent
156,High,Excellent
157,Medium,Excellent
158,High,Outstanding
159,High,Excellent
160,Medium,Excellent
161,Very High,Outstanding
162,Medium,Excellent
163,High,Excellent
164,Medium,Excellent
165,High,Excellent
166,High,Excellent
167,High,Excellent
168,High,Excellent
169,High,Outstanding
170,High,Outstanding
171,Medium,Excellent
172,Medium,Outstanding
173,High,Excellent
174,High,Excellent
175,Very High,Excellent
176,Medium,Excellent
177,High,Excellent
178,Medium,Outstanding
179,High,Outstanding
180,High,Excellent
181,Low,Outstanding
182,Medium,Excellent
183,Very High,Outstanding
184,Medium,Excellent
185,High,Excellent
186,High,Excellent
187,High,Excellent
188,High,Excellent
189,Medium,Excellent
190,Medium,Excellent
191,High,Excellent
192,High,Excellent
193,Medium,Excellent
194,High,Excellent
195,High,Outstanding
196,High,Excellent
197,Medium,Excellent
198,High,Excellent
199,High,Excellent
200,Very High,Excellent
201,Medium,Excellent
202,Medium,Excellent
203,Medium,Excellent
204,Medium,Excellent
205,Medium,Excellent
206,Low,Outstanding
207,High,Excellent
208,High,Excellent
209,High,Excellent
210,High,Excellent
211,High,Excellent
212,Medium,Outstanding
213,Medium,Excellent
214,High,Excellent
215,High,Excellent
216,Low,Excellent
217,Medium,Excellent
218,High,Excellent
219,Low,Excellent
220,High,Excellent
221,Medium,Excellent
222,High,Outstanding
223,High,Excellent
224,High,Excellent
225,Medium,Excellent
226,High,Excellent
227,High,Excellent
228,High,Excellent
229,High,Excellent
230,Low,Excellent
231,High,Excellent
232,High,Excellent
233,Very High,Excellent
234,High,Excellent
235,Very High,Excellent
236,Very High,Outstanding
237,Medium,Outstanding
238,High,Excellent
239,Low,Excellent
240,High,Excellent
241,Medium,Excellent
242,High,Excellent
243,High,Excellent
244,High,Excellent
245,Medium,Excellent
246,High,Excellent
247,High,Excellent
248,Very High,Excellent
249,Medium,Excellent
250,High,Excellent
251,High,Excellent
252,High,Outstanding
253,Medium,Excellent
254,Medium,Excellent
255,Low,Excellent
256,Medium,Excellent
257,High,Excellent
258,Very High,Excellent
259,High,Excellent
260,High,Excellent
261,Medium,Outstanding
262,Medium,Excellent
263,Very High,Excellent
264,High,Excellent
265,Very High,Excellent
266,Very High,Excellent
267,High,Outstanding
268,Low,Excellent
269,High,Excellent
270,Low,Excellent
271,Medium,Excellent
272,Medium,Excellent
273,Medium,Outstanding
274,High,Excellent
275,High,Excellent
276,High,Excellent
277,High,Excellent
278,High,Outstanding
279,Very High,Outstanding
280,Medium,Excellent
281,High,Excellent
282,Very High,Outstanding
283,Medium,Excellent
284,High,Excellent
285,High,Excellent
286,Medium,Excellent
287,Medium,Outstanding
288,High,Excellent
289,High,Excellent
290,High,Outstanding
291,High,Excellent
292,Very High,Excellent
293,High,Excellent
294,Medium,Excellent
295,High,Excellent
296,High,Excellent
297,High,Excellent
298,Medium,Excellent
299,High,Excellent
300,High,Excellent
301,Low,Excellent
302,High,Excellent
303,Medium,Excellent
304,High,Excellent
305,High,Excellent
306,High,Excellent
307,High,Excellent
308,Low,Excellent
309,High,Excellent
310,High,Excellent
311,High,Excellent
312,Low,Excellent
313,High,Excellent
314,High,Excellent
315,High,Excellent
316,High,Excellent
317,High,Excellent
318,High,Excellent
319,High,Excellent
320,High,Excellent
321,High,Excellent
322,High,Excellent
323,Medium,Excellent
324,High,Excellent
325,Very High,Excellent
326,High,Outstanding
327,Very High,Excellent
328,Medium,Excellent
329,High,Excellent
330,Medium,Excellent
331,Low,Excellent
332,Very High,Excellent
333,High,Excellent
334,Medium,Excellent
335,Very High,Excellent
336,High,Outstanding
337,Medium,Excellent
338,High,Excellent
339,Very High,Excellent
340,High,Excellent
341,Medium,Excellent
342,High,Excellent
343,Medium,Excellent
344,High,Excellent
345,High,Excellent
346,High,Excellent
347,High,Excellent
348,High,Excellent
349,High,Excellent
350,Very High,Excellent
351,Very High,Excellent
352,Medium,Excellent
353,Medium,Outstanding
354,High,Excellent
355,Medium,Excellent
356,High,Excellent
357,High,Outstanding
358,High,Excellent
359,High,Excellent
360,High,Excellent
361,Very High,Excellent
362,Medium,Excellent
363,Medium,Outstanding
364,High,Excellent
365,High,Outstanding
366,High,Excellent
367,Very High,Excellent
368,High,Excellent
369,Low,Excellent
370,High,Excellent
371,High,Excellent
372,High,Excellent
373,Medium,Excellent
374,High,Excellent
375,Medium,Excellent
376,Medium,Outstanding
377,High,Excellent
378,Medium,Excellent
379,Very High,Excellent
380,High,Excellent
381,High,Excellent
382,High,Excellent
383,High,Outstanding
384,Medium,Excellent
385,Very High,Excellent
386,High,Outstanding
387,High,Excellent
388,High,Excellent
389,Medium,Excellent
390,Very High,Excellent
391,Low,Excellent
392,Very High,Outstanding
393,High,Excellent
394,High,Excellent
395,High,Excellent
396,High,Outstanding
397,Medium,Excellent
398,High,Excellent
399,Medium,Excellent
400,Very High,Excellent
401,High,Excellent
402,High,Excellent
403,High,Excellent
404,High,Excellent
405,Low,Excellent
406,High,Excellent
407,High,Excellent
408,High,Outstanding
409,High,Excellent
410,Very High,Excellent
411,High,Outstanding
412,High,Excellent
413,High,Excellent
414,High,Excellent
415,Medium,Excellent
416,High,Excellent
417,High,Outstanding
418,High,Excellent
419,High,Outstanding
420,Medium,Excellent
421,High,Excellent
422,High,Excellent
423,Medium,Excellent
424,High,Excellent
425,Medium,Excellent
426,Medium,Excellent
427,High,Excellent
428,Medium,Excellent
429,High,Excellent
430,Low,Excellent
431,High,Excellent
432,High,Excellent
433,High,Excellent
434,Medium,Excellent
435,High,Outstanding
436,High,Excellent
437,High,Excellent
438,Medium,Excellent
439,High,Excellent
440,High,Excellent
441,Medium,Excellent
442,High,Excellent
443,Low,Excellent
444,High,Excellent
445,Medium,Excellent
446,High,Outstanding
447,Low,Excellent
448,Medium,Excellent
449,High,Excellent
450,High,Excellent
451,High,Excellent
452,High,Outstanding
453,High,Excellent
454,Medium,Excellent
455,High,Excellent
456,High,Excellent
457,Medium,Outstanding
458,Medium,Excellent
459,High,Excellent
460,High,Excellent
461,Very High,Excellent
462,High,Excellent
463,Medium,Excellent
464,High,Excellent
465,Medium,Excellent
466,High,Excellent
467,High,Excellent
468,Medium,Excellent
469,High,Excellent
470,High,Excellent
471,High,Excellent
472,High,Excellent
473,Medium,Excellent
474,High,Excellent
475,High,Excellent
476,High,Outstanding
477,High,Outstanding
478,High,Excellent
479,High,Excellent
480,High,Excellent
481,Very High,Excellent
482,High,Excellent
483,High,Excellent
484,Very High,Excellent
485,Very High,Outstanding
486,Medium,Excellent
487,Very High,Excellent
488,Medium,Excellent
489,High,Excellent
490,Very High,Excellent
491,Medium,Excellent
492,Very High,Excellent
493,High,Excellent
494,Medium,Excellent
495,High,Excellent
496,Very High,Excellent
497,High,Excellent
498,Medium,Excellent
499,Low,Outstanding
500,Medium,Excellent
501,High,Excellent
502,High,Outstanding
503,Very High,Outstanding
504,High,Excellent
505,High,Excellent
506,Medium,Excellent
507,Very High,Excellent
508,Low,Excellent
509,High,Excellent
510,High,Outstanding
511,High,Excellent
512,Medium,Excellent
513,Medium,Excellent
514,High,Excellent
515,High,Excellent
516,High,Excellent
517,Medium,Excellent
518,Medium,Outstanding
519,Medium,Outstanding
520,High,Excellent
521,High,Excellent
522,High,Outstanding
523,Medium,Excellent
524,Low,Excellent
525,High,Excellent
526,Very High,Excellent
527,High,Excellent
528,High,Excellent
529,Medium,Excellent
530,High,Excellent
531,Very High,Excellent
532,High,Excellent
533,High,Excellent
534,Medium,Outstanding
535,High,Excellent
536,High,Excellent
537,High,Excellent
538,Medium,Outstanding
539,Medium,Excellent
540,Very High,Excellent
541,High,Excellent
542,Medium,Excellent
543,High,Excellent
544,High,Excellent
545,Medium,Excellent
546,High,Outstanding
547,High,Excellent
548,High,Excellent
549,High,Excellent
550,Medium,Excellent
551,Very High,Excellent
552,High,Excellent
553,High,Excellent
554,High,Outstanding
555,High,Excellent
556,High,Excellent
557,High,Excellent
558,Medium,Excellent
559,High,Excellent
560,Very High,Excellent
561,High,Excellent
562,High,Excellent
563,High,Excellent
564,Medium,Outstanding
565,Medium,Excellent
566,Low,Excellent
567,Very High,Excellent
568,Low,Outstanding
569,Medium,Excellent
570,High,Excellent
571,Very High,Excellent
572,Medium,Excellent
573,High,Excellent
574,Very High,Excellent
575,High,Excellent
576,High,Excellent
577,High,Excellent
578,Medium,Excellent
579,Low,Excellent
580,Low,Excellent
581,Low,Excellent
582,Medium,Outstanding
583,High,Outstanding
584,High,Excellent
585,Low,Excellent
586,High,Outstanding
587,High,Excellent
588,High,Outstanding
589,High,Excellent
590,High,Excellent
591,High,Excellent
592,High,Excellent
593,Medium,Excellent
594,Low,Excellent
595,High,Outstanding
596,High,Excellent
597,High,Excellent
598,Low,Excellent
599,High,Excellent
600,Low,Excellent
601,Medium,Excellent
602,High,Excellent
603,Medium,Outstanding
604,High,Excellent
605,High,Excellent
606,Low,Excellent
607,Very High,Excellent
608,Medium,Excellent
609,Very High,Excellent
610,High,Outstanding
611,High,Excellent
612,High,Outstanding
613,Medium,Outstanding
614,High,Excellent
615,Medium,Excellent
616,Very High,Excellent
617,High,Excellent
618,Low,Excellent
619,Medium,Excellent
620,High,Outstanding
621,Medium,Excellent
622,High,Excellent
623,High,Excellent
624,High,Excellent
625,Medium,Excellent
626,High,Excellent
627,Low,Excellent
628,High,Outstanding
629,Medium,Excellent
630,High,Excellent
631,Medium,Outstanding
632,High,Outstanding
633,Medium,Excellent
634,High,Outstanding
635,High,Excellent
636,High,Outstanding
637,High,Excellent
638,High,Excellent
639,Very High,Excellent
640,High,Excellent
641,High,Excellent
642,Medium,Excellent
643,High,Excellent
644,Very High,Excellent
645,High,Excellent
646,High,Excellent
647,High,Excellent
648,High,Excellent
649,High,Excellent
650,High,Excellent
651,Very High,Excellent
652,High,Outstanding
653,High,Excellent
654,High,Excellent
655,High,Excellent
656,High,Excellent
657,Very High,Outstanding
658,High,Excellent
659,Low,Excellent
660,Medium,Excellent
661,High,Excellent
662,High,Outstanding
663,High,Excellent
664,High,Excellent
665,Low,Excellent
666,High,Excellent
667,High,Excellent
668,High,Excellent
669,Very High,Excellent
670,Medium,Outstanding
671,High,Excellent
672,High,Excellent
673,High,Excellent
674,High,Excellent
675,High,Excellent
676,High,Excellent
677,High,Outstanding
678,High,Excellent
679,High,Excellent
680,High,Excellent
681,Low,Excellent
682,High,Excellent
683,Medium,Outstanding
684,Very High,Excellent
685,Medium,Excellent
686,Medium,Excellent
687,Medium,Excellent
688,Medium,Outstanding
689,Medium,Excellent
690,High,Excellent
691,Medium,Excellent
692,High,Excellent
693,Medium,Excellent
694,High,Excellent
695,High,Excellent
696,High,Excellent
697,Medium,Excellent
698,High,Excellent
699,High,Excellent
700,High,Excellent
701,High,Outstanding
702,Medium,Excellent
703,Medium,Excellent
704,Medium,Excellent
705,High,Excellent
706,Medium,Excellent
707,Very High,Excellent
708,High,Excellent
709,Very High,Excellent
710,Low,Outstanding
711,High,Excellent
712,Medium,Outstanding
713,High,Excellent
714,High,Excellent
715,High,Outstanding
716,Medium,Excellent
717,Very High,Excellent
718,Very High,Excellent
719,High,Excellent
720,High,Excellent
721,Medium,Excellent
722,Very High,Excellent
723,Low,Excellent
724,High,Excellent
725,Medium,Excellent
726,High,Outstanding
727,High,Excellent
728,Medium,Excellent
729,High,Excellent
730,Medium,Excellent
731,High,Excellent
732,Very High,Excellent
733,High,Excellent
734,High,Excellent
735,High,Excellent
736,Medium,Excellent
737,High,Excellent
738,High,Excellent
739,High,Excellent
740,Very High,Excellent
741,High,Outstanding
742,High,Excellent
743,High,Excellent
744,High,Excellent
745,High,Excellent
746,Low,Excellent
747,Medium,Outstanding
748,Medium,Excellent
749,High,Excellent
750,High,Excellent
751,Medium,Excellent
752,High,Excellent
753,High,Excellent
754,High,Excellent
755,High,Excellent
756,High,Excellent
757,High,Excellent
758,Very High,Excellent
759,Low,Excellent
760,High,Excellent
761,Medium,Excellent
762,High,Excellent
763,High,Excellent
764,Medium,Excellent
765,High,Outstanding
766,High,Excellent
767,High,Excellent
768,High,Excellent
769,High,Excellent
770,High,Excellent
771,High,Excellent
772,Medium,Excellent
773,High,Excellent
774,High,Excellent
775,Medium,Excellent
776,High,Excellent
777,High,Excellent
778,High,Excellent
779,High,Outstanding
780,High,Excellent
781,High,Excellent
782,High,Excellent
783,Medium,Excellent
784,High,Excellent
785,Medium,Excellent
786,High,Outstanding
787,Low,Excellent
788,High,Excellent
789,Very High,Excellent
790,High,Excellent
791,High,Excellent
792,High,Outstanding
793,High,Outstanding
794,High,Excellent
795,High,Excellent
796,Medium,Excellent
797,High,Excellent
798,High,Outstanding
799,High,Outstanding
800,High,Excellent
801,High,Excellent
802,Medium,Excellent
803,Medium,Excellent
804,Low,Excellent
805,Medium,Outstanding
806,High,Excellent
807,High,Excellent
808,High,Excellent
809,High,Outstanding
810,Medium,Excellent
811,High,Excellent
812,Medium,Excellent
813,High,Excellent
814,High,Excellent
815,Low,Excellent
816,Medium,Excellent
817,Medium,Excellent
818,Medium,Outstanding
819,Medium,Excellent
820,High,Excellent
821,Medium,Excellent
822,Very High,Excellent
823,Medium,Excellent
824,Very High,Excellent
825,Medium,Excellent
826,Very High,Excellent
827,High,Excellent
828,Medium,Excellent
829,Medium,Excellent
830,High,Excellent
831,High,Excellent
832,High,Excellent
833,Very High,Excellent
834,High,Excellent
835,Medium,Outstanding
836,High,Excellent
837,Very High,Excellent
838,Medium,Excellent
839,High,Excellent
840,High,Excellent
841,Medium,Excellent
842,Very High,Outstanding
843,Very High,Excellent
844,Very High,Outstanding
845,Medium,Excellent
846,High,Excellent
847,Very High,Excellent
848,Medium,Outstanding
849,High,Excellent
850,High,Excellent
851,High,Excellent
852,High,Excellent
853,Low,Excellent
854,High,Outstanding
855,Medium,Excellent
856,High,Excellent
857,High,Excellent
858,High,Excellent
859,Medium,Excellent
860,High,Excellent
861,High,Excellent
862,Very High,Outstanding
863,Medium,Excellent
864,High,Excellent
865,Medium,Excellent
866,Very High,Excellent
867,High,Excellent
868,High,Outstanding
869,Low,Excellent
870,High,Excellent
871,High,Excellent
872,High,Excellent
873,High,Excellent
874,High,Excellent
875,High,Excellent
876,Very High,Outstanding
877,Medium,Excellent
878,High,Excellent
879,High,Excellent
880,Medium,Excellent
881,Medium,Outstanding
882,High,Excellent
883,High,Outstanding
884,High,Excellent
885,High,Excellent
886,Medium,Excellent
887,High,Outstanding
888,High,Excellent
889,Medium,Excellent
890,High,Excellent
891,High,Excellent
892,High,Excellent
893,Medium,Outstanding
894,High,Excellent
895,High,Excellent
896,Medium,Excellent
897,Medium,Excellent
898,High,Excellent
899,High,Excellent
900,High,Excellent
901,Very High,Excellent
902,High,Excellent
903,Medium,Excellent
904,High,Excellent
905,High,Excellent
906,High,Excellent
907,Medium,Excellent
908,Medium,Excellent
909,High,Excellent
910,Low,Excellent
911,High,Outstanding
912,Low,Excellent
913,High,Outstanding
914,High,Excellent
915,Medium,Excellent
916,Medium,Outstanding
917,Medium,Excellent
918,High,Excellent
919,Medium,Outstanding
920,Medium,Excellent
921,High,Excellent
922,High,Excellent
923,High,Excellent
924,High,Excellent
925,High,Excellent
926,High,Excellent
927,High,Excellent
928,High,Excellent
929,Medium,Excellent
930,High,Excellent
931,Medium,Excellent
932,Medium,Excellent
933,High,Excellent
934,Medium,Excellent
935,Medium,Excellent
936,High,Excellent
937,Medium,Outstanding
938,Low,Excellent
939,Very High,Excellent
940,High,Excellent
941,Medium,Excellent
942,High,Excellent
943,Medium,Excellent
944,High,Excellent
945,High,Excellent
946,High,Excellent
947,Low,Excellent
948,High,Excellent
949,High,Outstanding
950,High,Excellent
951,Low,Excellent
952,Medium,Excellent
953,High,Excellent
954,High,Excellent
955,High,Excellent
956,High,Excellent
957,Very High,Excellent
958,High,Excellent
959,Low,Excellent
960,High,Excellent
961,High,Excellent
962,High,Excellent
963,Low,Excellent
964,Medium,Excellent
965,Medium,Excellent
966,High,Excellent
967,High,Excellent
968,High,Outstanding
969,High,Excellent
970,High,Excellent
971,Low,Excellent
972,High,Excellent
973,Medium,Excellent
974,Medium,Excellent
975,High,Outstanding
976,High,Excellent
977,High,Excellent
978,High,Outstanding
979,High,Outstanding
980,High,Excellent
981,High,Excellent
982,High,Excellent
983,Medium,Excellent
984,Medium,Excellent
985,Medium,Excellent
986,High,Excellent
987,High,Excellent
988,High,Excellent
989,High,Excellent
990,Very High,Excellent
991,Medium,Excellent
992,High,Excellent
993,High,Outstanding
994,High,Excellent
995,Medium,Excellent
996,High,Excellent
997,High,Excellent
998,Low,Excellent
999,High,Excellent
1000,High,Excellent
1001,High,Excellent
1002,High,Excellent
1003,High,Excellent
1004,Medium,Excellent
1005,High,Excellent
1006,High,Excellent
1007,High,Outstanding
1008,High,Excellent
1009,High,Excellent
1010,Medium,Outstanding
1011,Very High,Excellent
1012,High,Excellent
1013,High,Excellent
1014,Very High,Excellent
1015,Medium,Excellent
1016,High,Excellent
1017,Medium,Excellent
1018,High,Excellent
1019,Medium,Excellent
1020,Very High,Excellent
1021,Medium,Excellent
1022,Very High,Excellent
1023,High,Excellent
1024,High,Outstanding
1025,High,Excellent
1026,High,Excellent
1027,Medium,Excellent
1028,High,Excellent
1029,High,Excellent
1030,High,Excellent
1031,High,Excellent
1032,High,Excellent
1033,Very High,Outstanding
1034,High,Excellent
1035,Medium,Excellent
1036,High,Excellent
1037,Low,Excellent
1038,Medium,Excellent
1039,High,Excellent
1040,Medium,Excellent
1041,High,Excellent
1042,High,Excellent
1043,Medium,Excellent
1044,High,Excellent
1045,Medium,Excellent
1046,High,Excellent
1047,High,Excellent
1048,Medium,Excellent
1049,High,Excellent
1050,High,Excellent
1051,Low,Excellent
1052,Medium,Excellent
1053,High,Excellent
1054,High,Outstanding
1055,High,Excellent
1056,Medium,Excellent
1057,Medium,Excellent
1058,High,Excellent
1059,High,Outstanding
1060,High,Excellent
1061,High,Excellent
1062,High,Excellent
1063,High,Excellent
1064,Medium,Excellent
1065,High,Outstanding
1066,Medium,Excellent
1067,High,Excellent
1068,High,Excellent
1069,High,Excellent
1070,High,Excellent
1071,Very High,Excellent
1072,High,Outstanding
1073,Medium,Excellent
1074,Medium,Excellent
1075,Medium,Excellent
1076,Very High,Outstanding
1077,High,Outstanding
1078,High,Excellent
1079,High,Excellent
1080,Very High,Excellent
1081,High,Excellent
1082,High,Excellent
1083,Medium,Excellent
1084,High,Excellent
1085,High,Excellent
1086,Medium,Excellent
1087,Very High,Excellent
1088,Medium,Outstanding
1089,Medium,Excellent
1090,Low,Excellent
1091,High,Excellent
1092,Medium,Excellent
1093,Medium,Outstanding
1094,Very High,Excellent
1095,High,Excellent
1096,High,Excellent
1097,High,Outstanding
1098,High,Excellent
1099,High,Excellent
1100,High,Excellent
1101,Medium,Outstanding
1102,High,Excellent
1103,Very High,Outstanding
1104,Very High,Excellent
1105,High,Excellent
1106,High,Excellent
1107,High,Excellent
1108,High,Excellent
1109,High,Excellent
1110,High,Excellent
1111,High,Excellent
1112,High,Excellent
1113,High,Excellent
1114,High,Excellent
1115,High,Excellent
1116,High,Excellent
1117,High,Outstanding
1118,High,Excellent
1119,High,Outstanding
1120,Medium,Excellent
1121,High,Excellent
1122,High,Excellent
1123,High,Excellent
1124,High,Excellent
1125,Very High,Excellent
1126,Low,Excellent
1127,High,Excellent
1128,Medium,Excellent
1129,Very High,Excellent
1130,Very High,Outstanding
1131,Very High,Excellent
1132,High,Excellent
1133,Medium,Excellent
1134,Medium,Excellent
1135,Low,Excellent
1136,High,Excellent
1137,Medium,Excellent
1138,High,Excellent
1139,High,Excellent
1140,High,Excellent
1141,High,Excellent
1142,High,Excellent
1143,Medium,Excellent
1144,Medium,Excellent
1145,High,Excellent
1146,Medium,Excellent
1147,High,Excellent
1148,High,Excellent
1149,Very High,Excellent
1150,Low,Excellent
1151,High,Excellent
1152,Medium,Outstanding
1153,Medium,Excellent
1154,High,Excellent
1155,Medium,Excellent
1156,High,Excellent
1157,Medium,Excellent
1158,High,Excellent
1159,High,Excellent
1160,High,Excellent
1161,High,Excellent
1162,Low,Excellent
1163,Low,Excellent
1164,Medium,Excellent
1165,Medium,Excellent
1166,High,Excellent
1167,High,Outstanding
1168,Medium,Excellent
1169,High,Excellent
1170,Medium,Excellent
1171,High,Excellent
1172,High,Excellent
1173,Medium,Excellent
1174,High,Excellent
1175,High,Excellent
1176,High,Outstanding
1177,High,Excellent
1178,High,Excellent
1179,High,Excellent
1180,Very High,Excellent
1181,High,Excellent
1182,High,Excellent
1183,Medium,Excellent
1184,Medium,Outstanding
1185,High,Outstanding
1186,Medium,Outstanding
1187,High,Outstanding
1188,Very High,Excellent
1189,High,Excellent
1190,High,Excellent
1191,High,Excellent
1192,High,Excellent
1193,High,Excellent
1194,Medium,Outstanding
1195,Medium,Excellent
1196,Medium,Excellent
1197,Very High,Excellent
1198,High,Excellent
1199,Medium,Outstanding
1200,High,Excellent
1201,High,Excellent
1202,Medium,Excellent
1203,High,Excellent
1204,High,Excellent
1205,Very High,Excellent
1206,High,Excellent
1207,High,Outstanding
1208,High,Excellent
1209,High,Excellent
1210,High,Outstanding
1211,Medium,Excellent
1212,High,Excellent
1213,High,Excellent
1214,High,Outstanding
1215,High,Excellent
1216,High,Excellent
1217,Medium,Excellent
1218,Medium,Excellent
1219,High,Excellent
1220,High,Excellent
1221,High,Excellent
1222,High,Outstanding
1223,High,Excellent
1224,Medium,Excellent
1225,High,Excellent
1226,Medium,Excellent
1227,High,Excellent
1228,Very High,Excellent
1229,High,Excellent
1230,Very High,Excellent
1231,High,Excellent
1232,High,Excellent
1233,Medium,Excellent
1234,High,Excellent
1235,High,Excellent
1236,High,Excellent
1237,Low,Excellent
1238,High,Excellent
1239,High,Excellent
1240,Medium,Outstanding
1241,High,Excellent
1242,Low,Excellent
1243,High,Excellent
1244,High,Outstanding
1245,High,Excellent
1246,High,Excellent
1247,Medium,Excellent
1248,Medium,Excellent
1249,Medium,Excellent
1250,High,Excellent
1251,Medium,Excellent
1252,Medium,Excellent
1253,High,Excellent
1254,Medium,Excellent
1255,High,Excellent
1256,High,Outstanding
1257,Low,Excellent
1258,High,Excellent
1259,Medium,Excellent
1260,Medium,Excellent
1261,High,Excellent
1262,High,Excellent
1263,Low,Excellent
1264,High,Outstanding
1265,High,Excellent
1266,High,Excellent
1267,High,Outstanding
1268,High,Excellent
1269,High,Outstanding
1270,Medium,Excellent
1271,High,Excellent
1272,High,Excellent
1273,High,Excellent
1274,High,Excellent
1275,High,Excellent
1276,High,Excellent
1277,High,Excellent
1278,High,Excellent
1279,High,Excellent
1280,High,Excellent
1281,High,Excellent
1282,Very High,Excellent
1283,Medium,Excellent
1284,High,Excellent
1285,Low,Outstanding
1286,Medium,Excellent
1287,High,Excellent
1288,High,Excellent
1289,Very High,Excellent
1290,Low,Excellent
1291,High,Excellent
1292,High,Excellent
1293,High,Excellent
1294,High,Excellent
1295,High,Excellent
1296,Very High,Excellent
1297,High,Excellent
1298,High,Excellent
1299,High,Outstanding
1300,Medium,Excellent
1301,Very High,Outstanding
1302,High,Outstanding
1303,Medium,Excellent
1304,High,Excellent
1305,High,Excellent
1306,High,Excellent
1307,Medium,Excellent
1308,Medium,Outstanding
1309,High,Outstanding
1310,Medium,Excellent
1311,Very High,Excellent
1312,Medium,Excellent
1313,High,Excellent
1314,Medium,Excellent
1315,High,Outstanding
1316,Medium,Outstanding
1317,High,Outstanding
1318,High,Excellent
1319,Medium,Excellent
1320,Medium,Excellent
1321,High,Outstanding
1322,High,Excellent
1323,High,Excellent
1324,High,Excellent
1325,High,Excellent
1326,High,Excellent
1327,High,Excellent
1328,High,Excellent
1329,High,Outstanding
1330,High,Excellent
1331,High,Excellent
1332,High,Excellent
1333,High,Outstanding
1334,High,Outstanding
1335,Low,Excellent
1336,High,Excellent
1337,High,Outstanding
1338,Medium,Excellent
1339,Medium,Excellent
1340,High,Outstanding
1341,High,Excellent
1342,Medium,Excellent
1343,Very High,Excellent
1344,Very High,Excellent
1345,Medium,Outstanding
1346,Low,Excellent
1347,Very High,Excellent
1348,Very High,Outstanding
1349,Very High,Excellent
1350,Very High,Excellent
1351,Medium,Excellent
1352,High,Excellent
1353,Medium,Excellent
1354,High,Outstanding
1355,High,Excellent
1356,Very High,Excellent
1357,High,Outstanding
1358,High,Excellent
1359,High,Excellent
1360,Medium,Excellent
1361,Very High,Excellent
1362,Medium,Excellent
1363,High,Excellent
1364,High,Excellent
1365,Medium,Excellent
1366,High,Excellent
1367,Low,Excellent
1368,Very High,Excellent
1369,High,Excellent
1370,Low,Excellent
1371,High,Excellent
1372,High,Excellent
1373,High,Outstanding
1374,Very High,Excellent
1375,Medium,Excellent
1376,High,Excellent
1377,High,Excellent
1378,Very High,Excellent
1379,High,Excellent
1380,Medium,Excellent
1381,Medium,Excellent
1382,High,Excellent
1383,High,Excellent
1384,High,Outstanding
1385,High,Outstanding
1386,High,Excellent
1387,High,Excellent
1388,Medium,Excellent
1389,High,Excellent
1390,High,Outstanding
1391,Low,Excellent
1392,Very High,Excellent
1393,Very High,Excellent
1394,High,Excellent
1395,High,Outstanding
1396,Medium,Excellent
1397,High,Excellent
1398,Low,Excellent
1399,High,Outstanding
1400,Medium,Excellent
1401,Very High,Excellent
1402,High,Excellent
1403,High,Excellent
1404,High,Excellent
1405,Very High,Excellent
1406,Medium,Outstanding
1407,High,Excellent
1408,Low,Excellent
1409,Very High,Excellent
1410,High,Excellent
1411,High,Excellent
1412,Very High,Excellent
1413,Medium,Excellent
1414,High,Excellent
1415,High,Outstanding
1416,Medium,Excellent
1417,High,Excellent
1418,High,Excellent
1419,High,Excellent
1420,High,Excellent
1421,Very High,Outstanding
1422,High,Excellent
1423,Very High,Excellent
1424,Medium,Excellent
1425,High,Excellent
1426,High,Excellent
1427,Medium,Excellent
1428,Medium,Excellent
1429,Medium,Excellent
1430,Medium,Excellent
1431,High,Excellent
1432,Medium,Excellent
1433,Medium,Outstanding
1434,High,Outstanding
1435,High,Excellent
1436,High,Excellent
1437,Medium,Excellent
1438,High,Excellent
1439,High,Excellent
1440,High,Excellent
1441,Medium,Excellent
1442,High,Outstanding
1443,High,Excellent
1444,High,Excellent
1445,Very High,Excellent
1446,Very High,Outstanding
1447,Medium,Outstanding
1448,High,Outstanding
1449,High,Excellent
1450,Medium,Excellent
1451,Medium,Excellent
1452,High,Excellent
1453,Very High,Excellent
1454,Medium,Excellent
1455,Medium,Excellent
1456,Medium,Excellent
1457,Medium,Excellent
1458,Very High,Excellent
1459,High,Excellent
1460,Medium,Excellent
1461,High,Excellent
1462,Medium,Excellent
1463,High,Excellent
1464,High,Excellent
1465,Medium,Excellent
1466,High,Excellent
1467,Medium,Excellent
1468,High,Outstanding
1469,Medium,Excellent
1470,Very High,Excellent
1471,High,Excellent
1472,Medium,Outstanding
1473,High,Excellent
1474,Medium,Excellent
1475,High,Excellent
1476,High,Excellent
1477,High,Outstanding
1478,High,Outstanding
1479,High,Outstanding
1480,High,Excellent
1481,Medium,Excellent
1482,High,Excellent
1483,High,Excellent
1484,Medium,Excellent
1485,High,Excellent
1486,High,Excellent
1487,Medium,Excellent
1488,High,Excellent
1489,Medium,Excellent
1490,High,Excellent
1491,High,Excellent
1492,Medium,Outstanding
1493,High,Excellent
1494,Low,Excellent
1495,High,Excellent
1496,High,Excellent
1497,High,Outstanding
1498,High,Excellent
1499,Medium,Excellent
1500,Medium,Excellent
1501,Medium,Excellent
1502,Medium,Excellent
1503,High,Excellent
1504,High,Excellent
1505,High,Excellent
1506,High,Excellent
1507,High,Excellent
1508,High,Excellent
1509,Medium,Excellent
1510,Medium,Excellent
1511,Medium,Excellent
1512,Medium,Excellent
1513,High,Excellent
1514,High,Excellent
1515,Medium,Outstanding
1516,High,Excellent
1517,High,Outstanding
1518,High,Outstanding
1519,High,Outstanding
1520,Medium,Excellent
1521,Medium,Excellent
1522,Medium,Excellent
1523,High,Outstanding
1524,High,Excellent
1525,High,Excellent
1526,High,Excellent
1527,High,Outstanding
1528,High,Excellent
1529,High,Outstanding
1530,High,Excellent
1531,High,Outstanding
1532,Very High,Excellent
1533,Very High,Excellent
1534,Very High,Excellent
1535,High,Excellent
1536,Medium,Excellent
1537,High,Excellent
1538,Medium,Excellent
1539,High,Excellent
1540,High,Excellent
1541,High,Excellent
1542,Very High,Outstanding
1543,High,Excellent
1544,High,Excellent
1545,High,Excellent
1546,High,Outstanding
1547,High,Excellent
1548,High,Excellent
1549,High,Excellent
1550,High,Outstanding
1551,Medium,Excellent
1552,Medium,Excellent
1553,High,Excellent
1554,High,Excellent
1555,High,Excellent
1556,High,Excellent
1557,Very High,Excellent
1558,Medium,Outstanding
1559,High,Excellent
1560,Very High,Excellent
1561,Low,Outstanding
1562,Medium,Outstanding
1563,Medium,Excellent
1564,High,Excellent
1565,Medium,Excellent
1566,High,Excellent
1567,High,Outstanding
1568,High,Excellent
1569,High,Excellent
1570,Medium,Excellent
1571,Low,Outstanding
1572,High,Excellent
1573,Low,Excellent
1574,High,Excellent
1575,Low,Excellent
1576,Low,Outstanding
1577,Very High,Excellent
1578,High,Excellent
1579,Very High,Excellent
1580,High,Excellent
1581,Medium,Outstanding
1582,High,Outstanding
1583,High,Excellent
1584,Very High,Excellent
1585,High,Excellent
1586,High,Excellent
1587,Medium,Excellent
1588,High,Excellent
1589,High,Outstanding
1590,High,Excellent
1591,High,Outstanding
1592,High,Excellent
1593,High,Excellent
1594,High,Excellent
1595,High,Excellent
1596,Medium,Excellent
1597,High,Excellent
1598,Medium,Excellent
1599,High,Excellent
1600,Medium,Excellent
1601,Medium,Excellent
1602,Medium,Excellent
1603,High,Excellent
1604,Medium,Excellent
1605,Medium,Outstanding
1606,High,Outstanding
1607,Medium,Excellent
1608,Medium,Excellent
1609,High,Excellent
1610,Very High,Excellent
1611,Medium,Outstanding
1612,High,Excellent
1613,Low,Outstanding
1614,High,Excellent
1615,High,Excellent
1616,Medium,Excellent
1617,Medium,Excellent
1618,High,Excellent
1619,Medium,Outstanding
1620,High,Excellent
1621,High,Excellent
1622,Medium,Excellent
1623,High,Outstanding
1624,High,Excellent
1625,Medium,Excellent
1626,High,Excellent
1627,Medium,Excellent
1628,High,Outstanding
1629,High,Excellent
1630,Medium,Excellent
1631,Very High,Outstanding
1632,Medium,Excellent
1633,High,Excellent
1634,Medium,Excellent
1635,High,Excellent
1636,High,Excellent
1637,High,Excellent
1638,High,Excellent
1639,High,Outstanding
1640,High,Outstanding
1641,Medium,Excellent
1642,Medium,Outstanding
1643,High,Excellent
1644,High,Excellent
1645,Very High,Excellent
1646,Medium,Excellent
1647,High,Excellent
1648,Medium,Outstanding
1649,High,Outstanding
1650,High,Excellent
1651,Low,Outstanding
1652,Medium,Excellent
1653,Very High,Outstanding
1654,Medium,Excellent
1655,High,Excellent
1656,High,Excellent
1657,High,Excellent
1658,High,Excellent
1659,Medium,Excellent
1660,Medium,Excellent
1661,High,Excellent
1662,High,Excellent
1663,Medium,Excellent
1664,High,Excellent
1665,High,Outstanding
1666,High,Excellent
1667,Medium,Excellent
1668,High,Excellent
1669,High,Excellent
1670,Very High,Excellent
1671,Medium,Excellent
1672,Medium,Excellent
1673,Medium,Excellent
1674,Medium,Excellent
1675,Medium,Excellent
1676,Low,Outstanding
1677,High,Excellent
1678,High,Excellent
1679,High,Excellent
1680,High,Excellent
1681,High,Excellent
1682,Medium,Outstanding
1683,Medium,Excellent
1684,High,Excellent
1685,High,Excellent
1686,Low,Excellent
1687,Medium,Excellent
1688,High,Excellent
1689,Low,Excellent
1690,High,Excellent
1691,Medium,Excellent
1692,High,Outstanding
1693,High,Excellent
1694,High,Excellent
1695,Medium,Excellent
1696,High,Excellent
1697,High,Excellent
1698,High,Excellent
1699,High,Excellent
1700,Low,Excellent
1701,High,Excellent
1702,High,Excellent
1703,Very High,Excellent
1704,High,Excellent
1705,Very High,Excellent
1706,Very High,Outstanding
1707,Medium,Outstanding
1708,High,Excellent
1709,Low,Excellent
1710,High,Excellent
1711,Medium,Excellent
1712,High,Excellent
1713,High,Excellent
1714,High,Excellent
1715,Medium,Excellent
1716,High,Excellent
1717,High,Excellent
1718,Very High,Excellent
1719,Medium,Excellent
1720,High,Excellent
1721,High,Excellent
1722,High,Outstanding
1723,Medium,Excellent
1724,Medium,Excellent
1725,Low,Excellent
1726,Medium,Excellent
1727,High,Excellent
1728,Very High,Excellent
1729,High,Excellent
1730,High,Excellent
1731,Medium,Outstanding
1732,Medium,Excellent
1733,Very High,Excellent
1734,High,Excellent
1735,Very High,Excellent
1736,Very High,Excellent
1737,High,Outstanding
1738,Low,Excellent
1739,High,Excellent
1740,Low,Excellent
1741,Medium,Excellent
1742,Medium,Excellent
1743,Medium,Outstanding
1744,High,Excellent
1745,High,Excellent
1746,High,Excellent
1747,High,Excellent
1748,High,Outstanding
1749,Very High,Outstanding
1750,Medium,Excellent
1751,High,Excellent
1752,Very High,Outstanding
1753,Medium,Excellent
1754,High,Excellent
1755,High,Excellent
1756,Medium,Excellent
1757,Medium,Outstanding
1758,High,Excellent
1759,High,Excellent
1760,High,Outstanding
1761,High,Excellent
1762,Very High,Excellent
1763,High,Excellent
1764,Medium,Excellent
1765,High,Excellent
1766,High,Excellent
1767,High,Excellent
1768,Medium,Excellent
1769,High,Excellent
1770,High,Excellent
1771,Low,Excellent
1772,High,Excellent
1773,Medium,Excellent
1774,High,Excellent
1775,High,Excellent
1776,High,Excellent
1777,High,Excellent
1778,Low,Excellent
1779,High,Excellent
1780,High,Excellent
1781,High,Excellent
1782,Low,Excellent
1783,High,Excellent
1784,High,Excellent
1785,High,Excellent
1786,High,Excellent
1787,High,Excellent
1788,High,Excellent
1789,High,Excellent
1790,High,Excellent
1791,High,Excellent
1792,High,Excellent
1793,Medium,Excellent
1794,High,Excellent
1795,Very High,Excellent
1796,High,Outstanding
1797,Very High,Excellent
1798,Medium,Excellent
1799,High,Excellent
1800,Medium,Excellent
1801,Low,Excellent
1802,Very High,Excellent
1803,High,Excellent
1804,Medium,Excellent
1805,Very High,Excellent
1806,High,Outstanding
1807,Medium,Excellent
1808,High,Excellent
1809,Very High,Excellent
1810,High,Excellent
1811,Medium,Excellent
1812,High,Excellent
1813,Medium,Excellent
1814,High,Excellent
1815,High,Excellent
1816,High,Excellent
1817,High,Excellent
1818,High,Excellent
1819,High,Excellent
1820,Very High,Excellent
1821,Very High,Excellent
1822,Medium,Excellent
1823,Medium,Outstanding
1824,High,Excellent
1825,Medium,Excellent
1826,High,Excellent
1827,High,Outstanding
1828,High,Excellent
1829,High,Excellent
1830,High,Excellent
1831,Very High,Excellent
1832,Medium,Excellent
1833,Medium,Outstanding
1834,High,Excellent
1835,High,Outstanding
1836,High,Excellent
1837,Very High,Excellent
1838,High,Excellent
1839,Low,Excellent
1840,High,Excellent
1841,High,Excellent
1842,High,Excellent
1843,Medium,Excellent
1844,High,Excellent
1845,Medium,Excellent
1846,Medium,Outstanding
1847,High,Excellent
1848,Medium,Excellent
1849,Very High,Excellent
1850,High,Excellent
1851,High,Excellent
1852,High,Excellent
1853,High,Outstanding
1854,Medium,Excellent
1855,Very High,Excellent
1856,High,Outstanding
1857,High,Excellent
1858,High,Excellent
1859,Medium,Excellent
1860,Very High,Excellent
1861,Low,Excellent
1862,Very High,Outstanding
1863,High,Excellent
1864,High,Excellent
1865,High,Excellent
1866,High,Outstanding
1867,Medium,Excellent
1868,High,Excellent
1869,Medium,Excellent
1870,Very High,Excellent
1871,High,Excellent
1872,High,Excellent
1873,High,Excellent
1874,High,Excellent
1875,Low,Excellent
1876,High,Excellent
1877,High,Excellent
1878,High,Outstanding
1879,High,Excellent
1880,Very High,Excellent
1881,High,Outstanding
1882,High,Excellent
1883,High,Excellent
1884,High,Excellent
1885,Medium,Excellent
1886,High,Excellent
1887,High,Outstanding
1888,High,Excellent
1889,High,Outstanding
1890,Medium,Excellent
1891,High,Excellent
1892,High,Excellent
1893,Medium,Excellent
1894,High,Excellent
1895,Medium,Excellent
1896,Medium,Excellent
1897,High,Excellent
1898,Medium,Excellent
1899,High,Excellent
1900,Low,Excellent
1901,High,Excellent
1902,High,Excellent
1903,High,Excellent
1904,Medium,Excellent
1905,High,Outstanding
1906,High,Excellent
1907,High,Excellent
1908,Medium,Excellent
1909,High,Excellent
1910,High,Excellent
1911,Medium,Excellent
1912,High,Excellent
1913,Low,Excellent
1914,High,Excellent
1915,Medium,Excellent
1916,High,Outstanding
1917,Low,Excellent
1918,Medium,Excellent
1919,High,Excellent
1920,High,Excellent
1921,High,Excellent
1922,High,Outstanding
1923,High,Excellent
1924,Medium,Excellent
1925,High,Excellent
1926,High,Excellent
1927,Medium,Outstanding
1928,Medium,Excellent
1929,High,Excellent
1930,High,Excellent
1931,Very High,Excellent
1932,High,Excellent
1933,Medium,Excellent
1934,High,Excellent
1935,Medium,Excellent
1936,High,Excellent
1937,High,Excellent
1938,Medium,Excellent
1939,High,Excellent
1940,High,Excellent
1941,High,Excellent
1942,High,Excellent
1943,Medium,Excellent
1944,High,Excellent
1945,High,Excellent
1946,High,Outstanding
1947,High,Outstanding
1948,High,Excellent
1949,High,Excellent
1950,High,Excellent
1951,Very High,Excellent
1952,High,Excellent
1953,High,Excellent
1954,Very High,Excellent
1955,Very High,Outstanding
1956,Medium,Excellent
1957,Very High,Excellent
1958,Medium,Excellent
1959,High,Excellent
1960,Very High,Excellent
1961,Medium,Excellent
1962,Very High,Excellent
1963,High,Excellent
1964,Medium,Excellent
1965,High,Excellent
1966,Very High,Excellent
1967,High,Excellent
1968,Medium,Excellent
1969,Low,Outstanding
1970,Medium,Excellent
1971,High,Excellent
1972,High,Outstanding
1973,Very High,Outstanding
1974,High,Excellent
1975,High,Excellent
1976,Medium,Excellent
1977,Very High,Excellent
1978,Low,Excellent
1979,High,Excellent
1980,High,Outstanding
1981,High,Excellent
1982,Medium,Excellent
1983,Medium,Excellent
1984,High,Excellent
1985,High,Excellent
1986,High,Excellent
1987,Medium,Excellent
1988,Medium,Outstanding
1989,Medium,Outstanding
1990,High,Excellent
1991,High,Excellent
1992,High,Outstanding
1993,Medium,Excellent
1994,Low,Excellent
1995,High,Excellent
1996,Very High,Excellent
1997,High,Excellent
1998,High,Excellent
1999,Medium,Excellent
2000,High,Excellent
2001,Very High,Excellent
2002,High,Excellent
2003,High,Excellent
2004,Medium,Outstanding
2005,High,Excellent
2006,High,Excellent
2007,High,Excellent
2008,Medium,Outstanding
2009,Medium,Excellent
2010,Very High,Excellent
2011,High,Excellent
2012,Medium,Excellent
2013,High,Excellent
2014,High,Excellent
2015,Medium,Excellent
2016,High,Outstanding
2017,High,Excellent
2018,High,Excellent
2019,High,Excellent
2020,Medium,Excellent
2021,Very High,Excellent
2022,High,Excellent
2023,High,Excellent
2024,High,Outstanding
2025,High,Excellent
2026,High,Excellent
2027,High,Excellent
2028,Medium,Excellent
2029,High,Excellent
2030,Very High,Excellent
2031,High,Excellent
2032,High,Excellent
2033,High,Excellent
2034,Medium,Outstanding
2035,Medium,Excellent
2036,Low,Excellent
2037,Very High,Excellent
2038,Low,Outstanding
2039,Medium,Excellent
2040,High,Excellent
2041,Very High,Excellent
2042,Medium,Excellent
2043,High,Excellent
2044,Very High,Excellent
2045,High,Excellent
2046,High,Excellent
2047,High,Excellent
2048,Medium,Excellent
2049,Low,Excellent
2050,Low,Excellent
2051,Low,Excellent
2052,Medium,Outstanding
2053,High,Outstanding
2054,High,Excellent
2055,Low,Excellent
2056,High,Outstanding
2057,High,Excellent
2058,High,Outstanding
2059,High,Excellent
2060,High,Excellent
2061,High,Excellent
2062,High,Excellent
2063,Medium,Excellent
2064,Low,Excellent
2065,High,Outstanding
2066,High,Excellent
2067,High,Excellent
2068,Low,Excellent
2069,High,Excellent
2070,Low,Excellent
2071,Medium,Excellent
2072,High,Excellent
2073,Medium,Outstanding
2074,High,Excellent
2075,High,Excellent
2076,Low,Excellent
2077,Very High,Excellent
2078,Medium,Excellent
2079,Very High,Excellent
2080,High,Outstanding
2081,High,Excellent
2082,High,Outstanding
2083,Medium,Outstanding
2084,High,Excellent
2085,Medium,Excellent
2086,Very High,Excellent
2087,High,Excellent
2088,Low,Excellent
2089,Medium,Excellent
2090,High,Outstanding
2091,Medium,Excellent
2092,High,Excellent
2093,High,Excellent
2094,High,Excellent
2095,Medium,Excellent
2096,High,Excellent
2097,Low,Excellent
2098,High,Outstanding
2099,Medium,Excellent
2100,High,Excellent
2101,Medium,Outstanding
2102,High,Outstanding
2103,Medium,Excellent
2104,High,Outstanding
2105,High,Excellent
2106,High,Outstanding
2107,High,Excellent
2108,High,Excellent
2109,Very High,Excellent
2110,High,Excellent
2111,High,Excellent
2112,Medium,Excellent
2113,High,Excellent
2114,Very High,Excellent
2115,High,Excellent
2116,High,Excellent
2117,High,Excellent
2118,High,Excellent
2119,High,Excellent
2120,High,Excellent
2121,Very High,Excellent
2122,High,Outstanding
2123,High,Excellent
2124,High,Excellent
2125,High,Excellent
2126,High,Excellent
2127,Very High,Outstanding
2128,High,Excellent
2129,Low,Excellent
2130,Medium,Excellent
2131,High,Excellent
2132,High,Outstanding
2133,High,Excellent
2134,High,Excellent
2135,Low,Excellent
2136,High,Excellent
2137,High,Excellent
2138,High,Excellent
2139,Very High,Excellent
2140,Medium,Outstanding
2141,High,Excellent
2142,High,Excellent
2143,High,Excellent
2144,High,Excellent
2145,High,Excellent
2146,High,Excellent
2147,High,Outstanding
2148,High,Excellent
2149,High,Excellent
2150,High,Excellent
2151,Low,Excellent
2152,High,Excellent
2153,Medium,Outstanding
2154,Very High,Excellent
2155,Medium,Excellent
2156,Medium,Excellent
2157,Medium,Excellent
2158,Medium,Outstanding
2159,Medium,Excellent
2160,High,Excellent
2161,Medium,Excellent
2162,High,Excellent
2163,Medium,Excellent
2164,High,Excellent
2165,High,Excellent
2166,High,Excellent
2167,Medium,Excellent
2168,High,Excellent
2169,High,Excellent
2170,High,Excellent
2171,High,Outstanding
2172,Medium,Excellent
2173,Medium,Excellent
2174,Medium,Excellent
2175,High,Excellent
2176,Medium,Excellent
2177,Very High,Excellent
2178,High,Excellent
2179,Very High,Excellent
2180,Low,Outstanding
2181,High,Excellent
2182,Medium,Outstanding
2183,High,Excellent
2184,High,Excellent
2185,High,Outstanding
2186,Medium,Excellent
2187,Very High,Excellent
2188,Very High,Excellent
2189,High,Excellent
2190,High,Excellent
2191,Medium,Excellent
2192,Very High,Excellent
2193,Low,Excellent
2194,High,Excellent
2195,Medium,Excellent
2196,High,Outstanding
2197,High,Excellent
2198,Medium,Excellent
2199,High,Excellent
2200,Medium,Excellent
2201,High,Excellent
2202,Very High,Excellent
2203,High,Excellent
2204,High,Excellent
2205,High,Excellent
2206,Medium,Excellent
2207,High,Excellent
2208,High,Excellent
2209,High,Excellent
2210,Very High,Excellent
2211,High,Outstanding
2212,High,Excellent
2213,High,Excellent
2214,High,Excellent
2215,High,Excellent
2216,Low,Excellent
2217,Medium,Outstanding
2218,Medium,Excellent
2219,High,Excellent
2220,High,Excellent
2221,Medium,Excellent
2222,High,Excellent
2223,High,Excellent
2224,High,Excellent
2225,High,Excellent
2226,High,Excellent
2227,High,Excellent
2228,Very High,Excellent
2229,Low,Excellent
2230,High,Excellent
2231,Medium,Excellent
2232,High,Excellent
2233,High,Excellent
2234,Medium,Excellent
2235,High,Outstanding
2236,High,Excellent
2237,High,Excellent
2238,High,Excellent
2239,High,Excellent
2240,High,Excellent
2241,High,Excellent
2242,Medium,Excellent
2243,High,Excellent
2244,High,Excellent
2245,Medium,Excellent
2246,High,Excellent
2247,High,Excellent
2248,High,Excellent
2249,High,Outstanding
2250,High,Excellent
2251,High,Excellent
2252,High,Excellent
2253,Medium,Excellent
2254,High,Excellent
2255,Medium,Excellent
2256,High,Outstanding
2257,Low,Excellent
2258,High,Excellent
2259,Very High,Excellent
2260,High,Excellent
2261,High,Excellent
2262,High,Outstanding
2263,High,Outstanding
2264,High,Excellent
2265,High,Excellent
2266,Medium,Excellent
2267,High,Excellent
2268,High,Outstanding
2269,High,Outstanding
2270,High,Excellent
2271,High,Excellent
2272,Medium,Excellent
2273,Medium,Excellent
2274,Low,Excellent
2275,Medium,Outstanding
2276,High,Excellent
2277,High,Excellent
2278,High,Excellent
2279,High,Outstanding
2280,Medium,Excellent
2281,High,Excellent
2282,Medium,Excellent
2283,High,Excellent
2284,High,Excellent
2285,Low,Excellent
2286,Medium,Excellent
2287,Medium,Excellent
2288,Medium,Outstanding
2289,Medium,Excellent
2290,High,Excellent
2291,Medium,Excellent
2292,Very High,Excellent
2293,Medium,Excellent
2294,Very High,Excellent
2295,Medium,Excellent
2296,Very High,Excellent
2297,High,Excellent
2298,Medium,Excellent
2299,Medium,Excellent
2300,High,Excellent
2301,High,Excellent
2302,High,Excellent
2303,Very High,Excellent
2304,High,Excellent
2305,Medium,Outstanding
2306,High,Excellent
2307,Very High,Excellent
2308,Medium,Excellent
2309,High,Excellent
2310,High,Excellent
2311,Medium,Excellent
2312,Very High,Outstanding
2313,Very High,Excellent
2314,Very High,Outstanding
2315,Medium,Excellent
2316,High,Excellent
2317,Very High,Excellent
2318,Medium,Outstanding
2319,High,Excellent
2320,High,Excellent
2321,High,Excellent
2322,High,Excellent
2323,Low,Excellent
2324,High,Outstanding
2325,Medium,Excellent
2326,High,Excellent
2327,High,Excellent
2328,High,Excellent
2329,Medium,Excellent
2330,High,Excellent
2331,High,Excellent
2332,Very High,Outstanding
2333,Medium,Excellent
2334,High,Excellent
2335,Medium,Excellent
2336,Very High,Excellent
2337,High,Excellent
2338,High,Outstanding
2339,Low,Excellent
2340,High,Excellent
2341,High,Excellent
2342,High,Excellent
2343,High,Excellent
2344,High,Excellent
2345,High,Excellent
2346,Very High,Outstanding
2347,Medium,Excellent
2348,High,Excellent
2349,High,Excellent
2350,Medium,Excellent
2351,Medium,Outstanding
2352,High,Excellent
2353,High,Outstanding
2354,High,Excellent
2355,High,Excellent
2356,Medium,Excellent
2357,High,Outstanding
2358,High,Excellent
2359,Medium,Excellent
2360,High,Excellent
2361,High,Excellent
2362,High,Excellent
2363,Medium,Outstanding
2364,High,Excellent
2365,High,Excellent
2366,Medium,Excellent
2367,Medium,Excellent
2368,High,Excellent
2369,High,Excellent
2370,High,Excellent
2371,Very High,Excellent
2372,High,Excellent
2373,Medium,Excellent
2374,High,Excellent
2375,High,Excellent
2376,High,Excellent
2377,Medium,Excellent
2378,Medium,Excellent
2379,High,Excellent
2380,Low,Excellent
2381,High,Outstanding
2382,Low,Excellent
2383,High,Outstanding
2384,High,Excellent
2385,Medium,Excellent
2386,Medium,Outstanding
2387,Medium,Excellent
2388,High,Excellent
2389,Medium,Outstanding
2390,Medium,Excellent
2391,High,Excellent
2392,High,Excellent
2393,High,Excellent
2394,High,Excellent
2395,High,Excellent
2396,High,Excellent
2397,High,Excellent
2398,High,Excellent
2399,Medium,Excellent
2400,High,Excellent
2401,Medium,Excellent
2402,Medium,Excellent
2403,High,Excellent
2404,Medium,Excellent
2405,Medium,Excellent
2406,High,Excellent
2407,Medium,Outstanding
2408,Low,Excellent
2409,Very High,Excellent
2410,High,Excellent
2411,Medium,Excellent
2412,High,Excellent
2413,Medium,Excellent
2414,High,Excellent
2415,High,Excellent
2416,High,Excellent
2417,Low,Excellent
2418,High,Excellent
2419,High,Outstanding
2420,High,Excellent
2421,Low,Excellent
2422,Medium,Excellent
2423,High,Excellent
2424,High,Excellent
2425,High,Excellent
2426,High,Excellent
2427,Very High,Excellent
2428,High,Excellent
2429,Low,Excellent
2430,High,Excellent
2431,High,Excellent
2432,High,Excellent
2433,Low,Excellent
2434,Medium,Excellent
2435,Medium,Excellent
2436,High,Excellent
2437,High,Excellent
2438,High,Outstanding
2439,High,Excellent
2440,High,Excellent
2441,Low,Excellent
2442,High,Excellent
2443,Medium,Excellent
2444,Medium,Excellent
2445,High,Outstanding
2446,High,Excellent
2447,High,Excellent
2448,High,Outstanding
2449,High,Outstanding
2450,High,Excellent
2451,High,Excellent
2452,High,Excellent
2453,Medium,Excellent
2454,Medium,Excellent
2455,Medium,Excellent
2456,High,Excellent
2457,High,Excellent
2458,High,Excellent
2459,High,Excellent
2460,Very High,Excellent
2461,Medium,Excellent
2462,High,Excellent
2463,High,Outstanding
2464,High,Excellent
2465,Medium,Excellent
2466,High,Excellent
2467,High,Excellent
2468,Low,Excellent
2469,High,Excellent
2470,High,Excellent
2471,High,Excellent
2472,High,Excellent
2473,High,Excellent
2474,Medium,Excellent
2475,High,Excellent
2476,High,Excellent
2477,High,Outstanding
2478,High,Excellent
2479,High,Excellent
2480,Medium,Outstanding
2481,Very High,Excellent
2482,High,Excellent
2483,High,Excellent
2484,Very High,Excellent
2485,Medium,Excellent
2486,High,Excellent
2487,Medium,Excellent
2488,High,Excellent
2489,Medium,Excellent
2490,Very High,Excellent
2491,Medium,Excellent
2492,Very High,Excellent
2493,High,Excellent
2494,High,Outstanding
2495,High,Excellent
2496,High,Excellent
2497,Medium,Excellent
2498,High,Excellent
2499,High,Excellent
2500,High,Excellent
2501,High,Excellent
2502,High,Excellent
2503,Very High,Outstanding
2504,High,Excellent
2505,Medium,Excellent
2506,High,Excellent
2507,Low,Excellent
2508,Medium,Excellent
2509,High,Excellent
2510,Medium,Excellent
2511,High,Excellent
2512,High,Excellent
2513,Medium,Excellent
2514,High,Excellent
2515,Medium,Excellent
2516,High,Excellent
2517,High,Excellent
2518,Medium,Excellent
2519,High,Excellent
2520,High,Excellent
2521,Low,Excellent
2522,Medium,Excellent
2523,High,Excellent
2524,High,Outstanding
2525,High,Excellent
2526,Medium,Excellent
2527,Medium,Excellent
2528,High,Excellent
2529,High,Outstanding
2530,High,Excellent
2531,High,Excellent
2532,High,Excellent
2533,High,Excellent
2534,Medium,Excellent
2535,High,Outstanding
2536,Medium,Excellent
2537,High,Excellent
2538,High,Excellent
2539,High,Excellent
2540,High,Excellent
2541,Very High,Excellent
2542,High,Outstanding
2543,Medium,Excellent
2544,Medium,Excellent
2545,Medium,Excellent
2546,Very High,Outstanding
2547,High,Outstanding
2548,High,Excellent
2549,High,Excellent
2550,Very High,Excellent
2551,High,Excellent
2552,High,Excellent
2553,Medium,Excellent
2554,High,Excellent
2555,High,Excellent
2556,Medium,Excellent
2557,Very High,Excellent
2558,Medium,Outstanding
2559,Medium,Excellent
2560,Low,Excellent
2561,High,Excellent
2562,Medium,Excellent
2563,Medium,Outstanding
2564,Very High,Excellent
2565,High,Excellent
2566,High,Excellent
2567,High,Outstanding
2568,High,Excellent
2569,High,Excellent
2570,High,Excellent
2571,Medium,Outstanding
2572,High,Excellent
2573,Very High,Outstanding
2574,Very High,Excellent
2575,High,Excellent
2576,High,Excellent
2577,High,Excellent
2578,High,Excellent
2579,High,Excellent
2580,High,Excellent
2581,High,Excellent
2582,High,Excellent
2583,High,Excellent
2584,High,Excellent
2585,High,Excellent
2586,High,Excellent
2587,High,Outstanding
2588,High,Excellent
2589,High,Outstanding
2590,Medium,Excellent
2591,High,Excellent
2592,High,Excellent
2593,High,Excellent
2594,High,Excellent
2595,Very High,Excellent
2596,Low,Excellent
2597,High,Excellent
2598,Medium,Excellent
2599,Very High,Excellent
2600,Very High,Outstanding
2601,Very High,Excellent
2602,High,Excellent
2603,Medium,Excellent
2604,Medium,Excellent
2605,Low,Excellent
2606,High,Excellent
2607,Medium,Excellent
2608,High,Excellent
2609,High,Excellent
2610,High,Excellent
2611,High,Excellent
2612,High,Excellent
2613,Medium,Excellent
2614,Medium,Excellent
2615,High,Excellent
2616,Medium,Excellent
2617,High,Excellent
2618,High,Excellent
2619,Very High,Excellent
2620,Low,Excellent
2621,High,Excellent
2622,Medium,Outstanding
2623,Medium,Excellent
2624,High,Excellent
2625,Medium,Excellent
2626,High,Excellent
2627,Medium,Excellent
2628,High,Excellent
2629,High,Excellent
2630,High,Excellent
2631,High,Excellent
2632,Low,Excellent
2633,Low,Excellent
2634,Medium,Excellent
2635,Medium,Excellent
2636,High,Excellent
2637,High,Outstanding
2638,Medium,Excellent
2639,High,Excellent
2640,Medium,Excellent
2641,High,Excellent
2642,High,Excellent
2643,Medium,Excellent
2644,High,Excellent
2645,High,Excellent
2646,High,Outstanding
2647,High,Excellent
2648,High,Excellent
2649,High,Excellent
2650,Very High,Excellent
2651,High,Excellent
2652,High,Excellent
2653,Medium,Excellent
2654,Medium,Outstanding
2655,High,Outstanding
2656,Medium,Outstanding
2657,High,Outstanding
2658,Very High,Excellent
2659,High,Excellent
2660,High,Excellent
2661,High,Excellent
2662,High,Excellent
2663,High,Excellent
2664,Medium,Outstanding
2665,Medium,Excellent
2666,Medium,Excellent
2667,Very High,Excellent
2668,High,Excellent
2669,Medium,Outstanding
2670,High,Excellent
2671,High,Excellent
2672,Medium,Excellent
2673,High,Excellent
2674,High,Excellent
2675,Very High,Excellent
2676,High,Excellent
2677,High,Outstanding
2678,High,Excellent
2679,High,Excellent
2680,High,Outstanding
2681,Medium,Excellent
2682,High,Excellent
2683,High,Excellent
2684,High,Outstanding
2685,High,Excellent
2686,High,Excellent
2687,Medium,Excellent
2688,Medium,Excellent
2689,High,Excellent
2690,High,Excellent
2691,High,Excellent
2692,High,Outstanding
2693,High,Excellent
2694,Medium,Excellent
2695,High,Excellent
2696,Medium,Excellent
2697,High,Excellent
2698,Very High,Excellent
2699,High,Excellent
2700,Very High,Excellent
2701,High,Excellent
2702,High,Excellent
2703,Medium,Excellent
2704,High,Excellent
2705,High,Excellent
2706,High,Excellent
2707,Low,Excellent
2708,High,Excellent
2709,High,Excellent
2710,Medium,Outstanding
2711,High,Excellent
2712,Low,Excellent
2713,High,Excellent
2714,High,Outstanding
2715,High,Excellent
2716,High,Excellent
2717,Medium,Excellent
2718,Medium,Excellent
2719,Medium,Excellent
2720,High,Excellent
2721,Medium,Excellent
2722,Medium,Excellent
2723,High,Excellent
2724,Medium,Excellent
2725,High,Excellent
2726,High,Outstanding
2727,Low,Excellent
2728,High,Excellent
2729,Medium,Excellent
2730,Medium,Excellent
2731,High,Excellent
2732,High,Excellent
2733,Low,Excellent
2734,High,Outstanding
2735,High,Excellent
2736,High,Excellent
2737,High,Outstanding
2738,High,Excellent
2739,High,Outstanding
2740,Medium,Excellent
2741,High,Excellent
2742,High,Excellent
2743,High,Excellent
2744,High,Excellent
2745,High,Excellent
2746,High,Excellent
2747,High,Excellent
2748,High,Excellent
2749,High,Excellent
2750,High,Excellent
2751,High,Excellent
2752,Very High,Excellent
2753,Medium,Excellent
2754,High,Excellent
2755,Low,Outstanding
2756,Medium,Excellent
2757,High,Excellent
2758,High,Excellent
2759,Very High,Excellent
2760,Low,Excellent
2761,High,Excellent
2762,High,Excellent
2763,High,Excellent
2764,High,Excellent
2765,High,Excellent
2766,Very High,Excellent
2767,High,Excellent
2768,High,Excellent
2769,High,Outstanding
2770,Medium,Excellent
2771,Very High,Outstanding
2772,High,Outstanding
2773,Medium,Excellent
2774,High,Excellent
2775,High,Excellent
2776,High,Excellent
2777,Medium,Excellent
2778,Medium,Outstanding
2779,High,Outstanding
2780,Medium,Excellent
2781,Very High,Excellent
2782,Medium,Excellent
2783,High,Excellent
2784,Medium,Excellent
2785,High,Outstanding
2786,Medium,Outstanding
2787,High,Outstanding
2788,High,Excellent
2789,Medium,Excellent
2790,Medium,Excellent
2791,High,Outstanding
2792,High,Excellent
2793,High,Excellent
2794,High,Excellent
2795,High,Excellent
2796,High,Excellent
2797,High,Excellent
2798,High,Excellent
2799,High,Outstanding
2800,High,Excellent
2801,High,Excellent
2802,High,Excellent
2803,High,Outstanding
2804,High,Outstanding
2805,Low,Excellent
2806,High,Excellent
2807,High,Outstanding
2808,Medium,Excellent
2809,Medium,Excellent
2810,High,Outstanding
2811,High,Excellent
2812,Medium,Excellent
2813,Very High,Excellent
2814,Very High,Excellent
2815,Medium,Outstanding
2816,Low,Excellent
2817,Very High,Excellent
2818,Very High,Outstanding
2819,Very High,Excellent
2820,Very High,Excellent
2821,Medium,Excellent
2822,High,Excellent
2823,Medium,Excellent
2824,High,Outstanding
2825,High,Excellent
2826,Very High,Excellent
2827,High,Outstanding
2828,High,Excellent
2829,High,Excellent
2830,Medium,Excellent
2831,Very High,Excellent
2832,Medium,Excellent
2833,High,Excellent
2834,High,Excellent
2835,Medium,Excellent
2836,High,Excellent
2837,Low,Excellent
2838,Very High,Excellent
2839,High,Excellent
2840,Low,Excellent
2841,High,Excellent
2842,High,Excellent
2843,High,Outstanding
2844,Very High,Excellent
2845,Medium,Excellent
2846,High,Excellent
2847,High,Excellent
2848,Very High,Excellent
2849,High,Excellent
2850,Medium,Excellent
2851,Medium,Excellent
2852,High,Excellent
2853,High,Excellent
2854,High,Outstanding
2855,High,Outstanding
2856,High,Excellent
2857,High,Excellent
2858,Medium,Excellent
2859,High,Excellent
2860,High,Outstanding
2861,Low,Excellent
2862,Very High,Excellent
2863,Very High,Excellent
2864,High,Excellent
2865,High,Outstanding
2866,Medium,Excellent
2867,High,Excellent
2868,Low,Excellent
2869,High,Outstanding
2870,Medium,Excellent
2871,Very High,Excellent
2872,High,Excellent
2873,High,Excellent
2874,High,Excellent
2875,Very High,Excellent
2876,Medium,Outstanding
2877,High,Excellent
2878,Low,Excellent
2879,Very High,Excellent
2880,High,Excellent
2881,High,Excellent
2882,Very High,Excellent
2883,Medium,Excellent
2884,High,Excellent
2885,High,Outstanding
2886,Medium,Excellent
2887,High,Excellent
2888,High,Excellent
2889,High,Excellent
2890,High,Excellent
2891,Very High,Outstanding
2892,High,Excellent
2893,Very High,Excellent
2894,Medium,Excellent
2895,High,Excellent
2896,High,Excellent
2897,Medium,Excellent
2898,Medium,Excellent
2899,Medium,Excellent
2900,Medium,Excellent
2901,High,Excellent
2902,Medium,Excellent
2903,Medium,Outstanding
2904,High,Outstanding
2905,High,Excellent
2906,High,Excellent
2907,Medium,Excellent
2908,High,Excellent
2909,High,Excellent
2910,High,Excellent
2911,Medium,Excellent
2912,High,Outstanding
2913,High,Excellent
2914,High,Excellent
2915,Very High,Excellent
2916,Very High,Outstanding
2917,Medium,Outstanding
2918,High,Outstanding
2919,High,Excellent
2920,Medium,Excellent
2921,Medium,Excellent
2922,High,Excellent
2923,Very High,Excellent
2924,Medium,Excellent
2925,Medium,Excellent
2926,Medium,Excellent
2927,Medium,Excellent
2928,Very High,Excellent
2929,High,Excellent
2930,Medium,Excellent
2931,High,Excellent
2932,Medium,Excellent
2933,High,Excellent
2934,High,Excellent
2935,Medium,Excellent
2936,High,Excellent
2937,Medium,Excellent
2938,High,Outstanding
2939,Medium,Excellent
2940,Very High,Excellent
2941,High,Excellent
2942,Medium,Outstanding
2943,High,Excellent
2944,Medium,Excellent
2945,High,Excellent
2946,High,Excellent
2947,High,Outstanding
2948,High,Outstanding
2949,High,Outstanding
2950,High,Excellent
2951,Medium,Excellent
2952,High,Excellent
2953,High,Excellent
2954,Medium,Excellent
2955,High,Excellent
2956,High,Excellent
2957,Medium,Excellent
2958,High,Excellent
2959,Medium,Excellent
2960,High,Excellent
2961,High,Excellent
2962,Medium,Outstanding
2963,High,Excellent
2964,Low,Excellent
2965,High,Excellent
2966,High,Excellent
2967,High,Outstanding
2968,High,Excellent
2969,Medium,Excellent
2970,Medium,Excellent
2971,Medium,Excellent
2972,Medium,Excellent
2973,High,Excellent
2974,High,Excellent
2975,High,Excellent
2976,High,Excellent
2977,High,Excellent
2978,High,Excellent
2979,Medium,Excellent
2980,Medium,Excellent
2981,Medium,Excellent
2982,Medium,Excellent
2983,High,Excellent
2984,High,Excellent
2985,Medium,Outstanding
2986,High,Excellent
2987,High,Outstanding
2988,High,Outstanding
2989,High,Outstanding
2990,Medium,Excellent
2991,Medium,Excellent
2992,Medium,Excellent
2993,High,Outstanding
2994,High,Excellent
2995,High,Excellent
2996,High,Excellent
2997,High,Outstanding
2998,High,Excellent
2999,High,Outstanding
3000,High,Excellent
3001,High,Outstanding
3002,Very High,Excellent
3003,Very High,Excellent
3004,Very High,Excellent
3005,High,Excellent
3006,Medium,Excellent
3007,High,Excellent
3008,Medium,Excellent
3009,High,Excellent
3010,High,Excellent
3011,High,Excellent
3012,Very High,Outstanding
3013,High,Excellent
3014,High,Excellent
3015,High,Excellent
3016,High,Outstanding
3017,High,Excellent
3018,High,Excellent
3019,High,Excellent
3020,High,Outstanding
3021,Medium,Excellent
3022,Medium,Excellent
3023,High,Excellent
3024,High,Excellent
3025,High,Excellent
3026,High,Excellent
3027,Very High,Excellent
3028,Medium,Outstanding
3029,High,Excellent
3030,Very High,Excellent
3031,Low,Outstanding
3032,Medium,Outstanding
3033,Medium,Excellent
3034,High,Excellent
3035,Medium,Excellent
3036,High,Excellent
3037,High,Outstanding
3038,High,Excellent
3039,High,Excellent
3040,Medium,Excellent
3041,Low,Outstanding
3042,High,Excellent
3043,Low,Excellent
3044,High,Excellent
3045,Low,Excellent
3046,Low,Outstanding
3047,Very High,Excellent
3048,High,Excellent
3049,Very High,Excellent
3050,High,Excellent
3051,Medium,Outstanding
3052,High,Outstanding
3053,High,Excellent
3054,Very High,Excellent
3055,High,Excellent
3056,High,Excellent
3057,Medium,Excellent
3058,High,Excellent
3059,High,Outstanding
3060,High,Excellent
3061,High,Outstanding
3062,High,Excellent
3063,High,Excellent
3064,High,Excellent
3065,High,Excellent
3066,Medium,Excellent
3067,High,Excellent
3068,Medium,Excellent
3069,High,Excellent
3070,Medium,Excellent
3071,Medium,Excellent
3072,Medium,Excellent
3073,High,Excellent
3074,Medium,Excellent
3075,Medium,Outstanding
3076,High,Outstanding
3077,Medium,Excellent
3078,Medium,Excellent
3079,High,Excellent
3080,Very High,Excellent
3081,Medium,Outstanding
3082,High,Excellent
3083,Low,Outstanding
3084,High,Excellent
3085,High,Excellent
3086,Medium,Excellent
3087,Medium,Excellent
3088,High,Excellent
3089,Medium,Outstanding
3090,High,Excellent
3091,High,Excellent
3092,Medium,Excellent
3093,High,Outstanding
3094,High,Excellent
3095,Medium,Excellent
3096,High,Excellent
3097,Medium,Excellent
3098,High,Outstanding
3099,High,Excellent
3100,Medium,Excellent
3101,Very High,Outstanding
3102,Medium,Excellent
3103,High,Excellent
3104,Medium,Excellent
3105,High,Excellent
3106,High,Excellent
3107,High,Excellent
3108,High,Excellent
3109,High,Outstanding
3110,High,Outstanding
3111,Medium,Excellent
3112,Medium,Outstanding
3113,High,Excellent
3114,High,Excellent
3115,Very High,Excellent
3116,Medium,Excellent
3117,High,Excellent
3118,Medium,Outstanding
3119,High,Outstanding
3120,High,Excellent
3121,Low,Outstanding
3122,Medium,Excellent
3123,Very High,Outstanding
3124,Medium,Excellent
3125,High,Excellent
3126,High,Excellent
3127,High,Excellent
3128,High,Excellent
3129,Medium,Excellent
3130,Medium,Excellent
3131,High,Excellent
3132,High,Excellent
3133,Medium,Excellent
3134,High,Excellent
3135,High,Outstanding
3136,High,Excellent
3137,Medium,Excellent
3138,High,Excellent
3139,High,Excellent
3140,Very High,Excellent
3141,Medium,Excellent
3142,Medium,Excellent
3143,Medium,Excellent
3144,Medium,Excellent
3145,Medium,Excellent
3146,Low,Outstanding
3147,High,Excellent
3148,High,Excellent
3149,High,Excellent
3150,High,Excellent
3151,High,Excellent
3152,Medium,Outstanding
3153,Medium,Excellent
3154,High,Excellent
3155,High,Excellent
3156,Low,Excellent
3157,Medium,Excellent
3158,High,Excellent
3159,Low,Excellent
3160,High,Excellent
3161,Medium,Excellent
3162,High,Outstanding
3163,High,Excellent
3164,High,Excellent
3165,Medium,Excellent
3166,High,Excellent
3167,High,Excellent
3168,High,Excellent
3169,High,Excellent
3170,Low,Excellent
3171,High,Excellent
3172,High,Excellent
3173,Very High,Excellent
3174,High,Excellent
3175,Very High,Excellent
3176,Very High,Outstanding
3177,Medium,Outstanding
3178,High,Excellent
3179,Low,Excellent
3180,High,Excellent
3181,Medium,Excellent
3182,High,Excellent
3183,High,Excellent
3184,High,Excellent
3185,Medium,Excellent
3186,High,Excellent
3187,High,Excellent
3188,Very High,Excellent
3189,Medium,Excellent
3190,High,Excellent
3191,High,Excellent
3192,High,Outstanding
3193,Medium,Excellent
3194,Medium,Excellent
3195,Low,Excellent
3196,Medium,Excellent
3197,High,Excellent
3198,Very High,Excellent
3199,High,Excellent
3200,High,Excellent
3201,Medium,Outstanding
3202,Medium,Excellent
3203,Very High,Excellent
3204,High,Excellent
3205,Very High,Excellent
3206,Very High,Excellent
3207,High,Outstanding
3208,Low,Excellent
3209,High,Excellent
3210,Low,Excellent
3211,Medium,Excellent
3212,Medium,Excellent
3213,Medium,Outstanding
3214,High,Excellent
3215,High,Excellent
3216,High,Excellent
3217,High,Excellent
3218,High,Outstanding
3219,Very High,Outstanding
3220,Medium,Excellent
3221,High,Excellent
3222,Very High,Outstanding
3223,Medium,Excellent
3224,High,Excellent
3225,High,Excellent
3226,Medium,Excellent
3227,Medium,Outstanding
3228,High,Excellent
3229,High,Excellent
3230,High,Outstanding
3231,High,Excellent
3232,Very High,Excellent
3233,High,Excellent
3234,Medium,Excellent
3235,High,Excellent
3236,High,Excellent
3237,High,Excellent
3238,Medium,Excellent
3239,High,Excellent
3240,High,Excellent
3241,Low,Excellent
3242,High,Excellent
3243,Medium,Excellent
3244,High,Excellent
3245,High,Excellent
3246,High,Excellent
3247,High,Excellent
3248,Low,Excellent
3249,High,Excellent
3250,High,Excellent
3251,High,Excellent
3252,Low,Excellent
3253,High,Excellent
3254,High,Excellent
3255,High,Excellent
3256,High,Excellent
3257,High,Excellent
3258,High,Excellent
3259,High,Excellent
3260,High,Excellent
3261,High,Excellent
3262,High,Excellent
3263,Medium,Excellent
3264,High,Excellent
3265,Very High,Excellent
3266,High,Outstanding
3267,Very High,Excellent
3268,Medium,Excellent
3269,High,Excellent
3270,Medium,Excellent
3271,Low,Excellent
3272,Very High,Excellent
3273,High,Excellent
3274,Medium,Excellent
3275,Very High,Excellent
3276,High,Outstanding
3277,Medium,Excellent
3278,High,Excellent
3279,Very High,Excellent
3280,High,Excellent
3281,Medium,Excellent
3282,High,Excellent
3283,Medium,Excellent
3284,High,Excellent
3285,High,Excellent
3286,High,Excellent
3287,High,Excellent
3288,High,Excellent
3289,High,Excellent
3290,Very High,Excellent
3291,Very High,Excellent
3292,Medium,Excellent
3293,Medium,Outstanding
3294,High,Excellent
3295,Medium,Excellent
3296,High,Excellent
3297,High,Outstanding
3298,High,Excellent
3299,High,Excellent
3300,High,Excellent
3301,Very High,Excellent
3302,Medium,Excellent
3303,Medium,Outstanding
3304,High,Excellent
3305,High,Outstanding
3306,High,Excellent
3307,Very High,Excellent
3308,High,Excellent
3309,Low,Excellent
3310,High,Excellent
3311,High,Excellent
3312,High,Excellent
3313,Medium,Excellent
3314,High,Excellent
3315,Medium,Excellent
3316,Medium,Outstanding
3317,High,Excellent
3318,Medium,Excellent
3319,Very High,Excellent
3320,High,Excellent
3321,High,Excellent
3322,High,Excellent
3323,High,Outstanding
3324,Medium,Excellent
3325,Very High,Excellent
3326,High,Outstanding
3327,High,Excellent
3328,High,Excellent
3329,Medium,Excellent
3330,Very High,Excellent
3331,Low,Excellent
3332,Very High,Outstanding
3333,High,Excellent
3334,High,Excellent
3335,High,Excellent
3336,High,Outstanding
3337,Medium,Excellent
3338,High,Excellent
3339,Medium,Excellent
3340,Very High,Excellent
3341,High,Excellent
3342,High,Excellent
3343,High,Excellent
3344,High,Excellent
3345,Low,Excellent
3346,High,Excellent
3347,High,Excellent
3348,High,Outstanding
3349,High,Excellent
3350,Very High,Excellent
3351,High,Outstanding
3352,High,Excellent
3353,High,Excellent
3354,High,Excellent
3355,Medium,Excellent
3356,High,Excellent
3357,High,Outstanding
3358,High,Excellent
3359,High,Outstanding
3360,Medium,Excellent
3361,High,Excellent
3362,High,Excellent
3363,Medium,Excellent
3364,High,Excellent
3365,Medium,Excellent
3366,Medium,Excellent
3367,High,Excellent
3368,Medium,Excellent
3369,High,Excellent
3370,Low,Excellent
3371,High,Excellent
3372,High,Excellent
3373,High,Excellent
3374,Medium,Excellent
3375,High,Outstanding
3376,High,Excellent
3377,High,Excellent
3378,Medium,Excellent
3379,High,Excellent
3380,High,Excellent
3381,Medium,Excellent
3382,High,Excellent
3383,Low,Excellent
3384,High,Excellent
3385,Medium,Excellent
3386,High,Outstanding
3387,Low,Excellent
3388,Medium,Excellent
3389,High,Excellent
3390,High,Excellent
3391,High,Excellent
3392,High,Outstanding
3393,High,Excellent
3394,Medium,Excellent
3395,High,Excellent
3396,High,Excellent
3397,Medium,Outstanding
3398,Medium,Excellent
3399,High,Excellent
3400,High,Excellent
3401,Very High,Excellent
3402,High,Excellent
3403,Medium,Excellent
3404,High,Excellent
3405,Medium,Excellent
3406,High,Excellent
3407,High,Excellent
3408,Medium,Excellent
3409,High,Excellent
3410,High,Excellent
3411,High,Excellent
3412,High,Excellent
3413,Medium,Excellent
3414,High,Excellent
3415,High,Excellent
3416,High,Outstanding
3417,High,Outstanding
3418,High,Excellent
3419,High,Excellent
3420,High,Excellent
3421,Very High,Excellent
3422,High,Excellent
3423,High,Excellent
3424,Very High,Excellent
3425,Very High,Outstanding
3426,Medium,Excellent
3427,Very High,Excellent
3428,Medium,Excellent
3429,High,Excellent
3430,Very High,Excellent
3431,Medium,Excellent
3432,Very High,Excellent
3433,High,Excellent
3434,Medium,Excellent
3435,High,Excellent
3436,Very High,Excellent
3437,High,Excellent
3438,Medium,Excellent
3439,Low,Outstanding
3440,Medium,Excellent
3441,High,Excellent
3442,High,Outstanding
3443,Very High,Outstanding
3444,High,Excellent
3445,High,Excellent
3446,Medium,Excellent
3447,Very High,Excellent
3448,Low,Excellent
3449,High,Excellent
3450,High,Outstanding
3451,High,Excellent
3452,Medium,Excellent
3453,Medium,Excellent
3454,High,Excellent
3455,High,Excellent
3456,High,Excellent
3457,Medium,Excellent
3458,Medium,Outstanding
3459,Medium,Outstanding
3460,High,Excellent
3461,High,Excellent
3462,High,Outstanding
3463,Medium,Excellent
3464,Low,Excellent
3465,High,Excellent
3466,Very High,Excellent
3467,High,Excellent
3468,High,Excellent
3469,Medium,Excellent
3470,High,Excellent
3471,Very High,Excellent
3472,High,Excellent
3473,High,Excellent
3474,Medium,Outstanding
3475,High,Excellent
3476,High,Excellent
3477,High,Excellent
3478,Medium,Outstanding
3479,Medium,Excellent
3480,Very High,Excellent
3481,High,Excellent
3482,Medium,Excellent
3483,High,Excellent
3484,High,Excellent
3485,Medium,Excellent
3486,High,Outstanding
3487,High,Excellent
3488,High,Excellent
3489,High,Excellent
3490,Medium,Excellent
3491,Very High,Excellent
3492,High,Excellent
3493,High,Excellent
3494,High,Outstanding
3495,High,Excellent
3496,High,Excellent
3497,High,Excellent
3498,Medium,Excellent
3499,High,Excellent
3500,Very High,Excellent
3501,High,Excellent
3502,High,Excellent
3503,High,Excellent
3504,Medium,Outstanding
3505,Medium,Excellent
3506,Low,Excellent
3507,Very High,Excellent
3508,Low,Outstanding
3509,Medium,Excellent
3510,High,Excellent
3511,Very High,Excellent
3512,Medium,Excellent
3513,High,Excellent
3514,Very High,Excellent
3515,High,Excellent
3516,High,Excellent
3517,High,Excellent
3518,Medium,Excellent
3519,Low,Excellent
3520,Low,Excellent
3521,Low,Excellent
3522,Medium,Outstanding
3523,High,Outstanding
3524,High,Excellent
3525,Low,Excellent
3526,High,Outstanding
3527,High,Excellent
3528,High,Outstanding
3529,High,Excellent
3530,High,Excellent
3531,High,Excellent
3532,High,Excellent
3533,Medium,Excellent
3534,Low,Excellent
3535,High,Outstanding
3536,High,Excellent
3537,High,Excellent
3538,Low,Excellent
3539,High,Excellent
3540,Low,Excellent
3541,Medium,Excellent
3542,High,Excellent
3543,Medium,Outstanding
3544,High,Excellent
3545,High,Excellent
3546,Low,Excellent
3547,Very High,Excellent
3548,Medium,Excellent
3549,Very High,Excellent
3550,High,Outstanding
3551,High,Excellent
3552,High,Outstanding
3553,Medium,Outstanding
3554,High,Excellent
3555,Medium,Excellent
3556,Very High,Excellent
3557,High,Excellent
3558,Low,Excellent
3559,Medium,Excellent
3560,High,Outstanding
3561,Medium,Excellent
3562,High,Excellent
3563,High,Excellent
3564,High,Excellent
3565,Medium,Excellent
3566,High,Excellent
3567,Low,Excellent
3568,High,Outstanding
3569,Medium,Excellent
3570,High,Excellent
3571,Medium,Outstanding
3572,High,Outstanding
3573,Medium,Excellent
3574,High,Outstanding
3575,High,Excellent
3576,High,Outstanding
3577,High,Excellent
3578,High,Excellent
3579,Very High,Excellent
3580,High,Excellent
3581,High,Excellent
3582,Medium,Excellent
3583,High,Excellent
3584,Very High,Excellent
3585,High,Excellent
3586,High,Excellent
3587,High,Excellent
3588,High,Excellent
3589,High,Excellent
3590,High,Excellent
3591,Very High,Excellent
3592,High,Outstanding
3593,High,Excellent
3594,High,Excellent
3595,High,Excellent
3596,High,Excellent
3597,Very High,Outstanding
3598,High,Excellent
3599,Low,Excellent
3600,Medium,Excellent
3601,High,Excellent
3602,High,Outstanding
3603,High,Excellent
3604,High,Excellent
3605,Low,Excellent
3606,High,Excellent
3607,High,Excellent
3608,High,Excellent
3609,Very High,Excellent
3610,Medium,Outstanding
3611,High,Excellent
3612,High,Excellent
3613,High,Excellent
3614,High,Excellent
3615,High,Excellent
3616,High,Excellent
3617,High,Outstanding
3618,High,Excellent
3619,High,Excellent
3620,High,Excellent
3621,Low,Excellent
3622,High,Excellent
3623,Medium,Outstanding
3624,Very High,Excellent
3625,Medium,Excellent
3626,Medium,Excellent
3627,Medium,Excellent
3628,Medium,Outstanding
3629,Medium,Excellent
3630,High,Excellent
3631,Medium,Excellent
3632,High,Excellent
3633,Medium,Excellent
3634,High,Excellent
3635,High,Excellent
3636,High,Excellent
3637,Medium,Excellent
3638,High,Excellent
3639,High,Excellent
3640,High,Excellent
3641,High,Outstanding
3642,Medium,Excellent
3643,Medium,Excellent
3644,Medium,Excellent
3645,High,Excellent
3646,Medium,Excellent
3647,Very High,Excellent
3648,High,Excellent
3649,Very High,Excellent
3650,Low,Outstanding
3651,High,Excellent
3652,Medium,Outstanding
3653,High,Excellent
3654,High,Excellent
3655,High,Outstanding
3656,Medium,Excellent
3657,Very High,Excellent
3658,Very High,Excellent
3659,High,Excellent
3660,High,Excellent
3661,Medium,Excellent
3662,Very High,Excellent
3663,Low,Excellent
3664,High,Excellent
3665,Medium,Excellent
3666,High,Outstanding
3667,High,Excellent
3668,Medium,Excellent
3669,High,Excellent
3670,Medium,Excellent
3671,High,Excellent
3672,Very High,Excellent
3673,High,Excellent
3674,High,Excellent
3675,High,Excellent
3676,Medium,Excellent
3677,High,Excellent
3678,High,Excellent
3679,High,Excellent
3680,Very High,Excellent
3681,High,Outstanding
3682,High,Excellent
3683,High,Excellent
3684,High,Excellent
3685,High,Excellent
3686,Low,Excellent
3687,Medium,Outstanding
3688,Medium,Excellent
3689,High,Excellent
3690,High,Excellent
3691,Medium,Excellent
3692,High,Excellent
3693,High,Excellent
3694,High,Excellent
3695,High,Excellent
3696,High,Excellent
3697,High,Excellent
3698,Very High,Excellent
3699,Low,Excellent
3700,High,Excellent
3701,Medium,Excellent
3702,High,Excellent
3703,High,Excellent
3704,Medium,Excellent
3705,High,Outstanding
3706,High,Excellent
3707,High,Excellent
3708,High,Excellent
3709,High,Excellent
3710,High,Excellent
3711,High,Excellent
3712,Medium,Excellent
3713,High,Excellent
3714,High,Excellent
3715,Medium,Excellent
3716,High,Excellent
3717,High,Excellent
3718,High,Excellent
3719,High,Outstanding
3720,High,Excellent
3721,High,Excellent
3722,High,Excellent
3723,Medium,Excellent
3724,High,Excellent
3725,Medium,Excellent
3726,High,Outstanding
3727,Low,Excellent
3728,High,Excellent
3729,Very High,Excellent
3730,High,Excellent
3731,High,Excellent
3732,High,Outstanding
3733,High,Outstanding
3734,High,Excellent
3735,High,Excellent
3736,Medium,Excellent
3737,High,Excellent
3738,High,Outstanding
3739,High,Outstanding
3740,High,Excellent
3741,High,Excellent
3742,Medium,Excellent
3743,Medium,Excellent
3744,Low,Excellent
3745,Medium,Outstanding
3746,High,Excellent
3747,High,Excellent
3748,High,Excellent
3749,High,Outstanding
3750,Medium,Excellent
3751,High,Excellent
3752,Medium,Excellent
3753,High,Excellent
3754,High,Excellent
3755,Low,Excellent
3756,Medium,Excellent
3757,Medium,Excellent
3758,Medium,Outstanding
3759,Medium,Excellent
3760,High,Excellent
3761,Medium,Excellent
3762,Very High,Excellent
3763,Medium,Excellent
3764,Very High,Excellent
3765,Medium,Excellent
3766,Very High,Excellent
3767,High,Excellent
3768,Medium,Excellent
3769,Medium,Excellent
3770,High,Excellent
3771,High,Excellent
3772,High,Excellent
3773,Very High,Excellent
3774,High,Excellent
3775,Medium,Outstanding
3776,High,Excellent
3777,Very High,Excellent
3778,Medium,Excellent
3779,High,Excellent
3780,High,Excellent
3781,Medium,Excellent
3782,Very High,Outstanding
3783,Very High,Excellent
3784,Very High,Outstanding
3785,Medium,Excellent
3786,High,Excellent
3787,Very High,Excellent
3788,Medium,Outstanding
3789,High,Excellent
3790,High,Excellent
3791,High,Excellent
3792,High,Excellent
3793,Low,Excellent
3794,High,Outstanding
3795,Medium,Excellent
3796,High,Excellent
3797,High,Excellent
3798,High,Excellent
3799,Medium,Excellent
3800,High,Excellent
3801,High,Excellent
3802,Very High,Outstanding
3803,Medium,Excellent
3804,High,Excellent
3805,Medium,Excellent
3806,Very High,Excellent
3807,High,Excellent
3808,High,Outstanding
3809,Low,Excellent
3810,High,Excellent
3811,High,Excellent
3812,High,Excellent
3813,High,Excellent
3814,High,Excellent
3815,High,Excellent
3816,Very High,Outstanding
3817,Medium,Excellent
3818,High,Excellent
3819,High,Excellent
3820,Medium,Excellent
3821,Medium,Outstanding
3822,High,Excellent
3823,High,Outstanding
3824,High,Excellent
3825,High,Excellent
3826,Medium,Excellent
3827,High,Outstanding
3828,High,Excellent
3829,Medium,Excellent
3830,High,Excellent
3831,High,Excellent
3832,High,Excellent
3833,Medium,Outstanding
3834,High,Excellent
3835,High,Excellent
3836,Medium,Excellent
3837,Medium,Excellent
3838,High,Excellent
3839,High,Excellent
3840,High,Excellent
3841,Very High,Excellent
3842,High,Excellent
3843,Medium,Excellent
3844,High,Excellent
3845,High,Excellent
3846,High,Excellent
3847,Medium,Excellent
3848,Medium,Excellent
3849,High,Excellent
3850,Low,Excellent
3851,High,Outstanding
3852,Low,Excellent
3853,High,Outstanding
3854,High,Excellent
3855,Medium,Excellent
3856,Medium,Outstanding
3857,Medium,Excellent
3858,High,Excellent
3859,Medium,Outstanding
3860,Medium,Excellent
3861,High,Excellent
3862,High,Excellent
3863,High,Excellent
3864,High,Excellent
3865,High,Excellent
3866,High,Excellent
3867,High,Excellent
3868,High,Excellent
3869,Medium,Excellent
3870,High,Excellent
3871,Medium,Excellent
3872,Medium,Excellent
3873,High,Excellent
3874,Medium,Excellent
3875,Medium,Excellent
3876,High,Excellent
3877,Medium,Outstanding
3878,Low,Excellent
3879,Very High,Excellent
3880,High,Excellent
3881,Medium,Excellent
3882,High,Excellent
3883,Medium,Excellent
3884,High,Excellent
3885,High,Excellent
3886,High,Excellent
3887,Low,Excellent
3888,High,Excellent
3889,High,Outstanding
3890,High,Excellent
3891,Low,Excellent
3892,Medium,Excellent
3893,High,Excellent
3894,High,Excellent
3895,High,Excellent
3896,High,Excellent
3897,Very High,Excellent
3898,High,Excellent
3899,Low,Excellent
3900,High,Excellent
3901,High,Excellent
3902,High,Excellent
3903,Low,Excellent
3904,Medium,Excellent
3905,Medium,Excellent
3906,High,Excellent
3907,High,Excellent
3908,High,Outstanding
3909,High,Excellent
3910,High,Excellent
3911,Low,Excellent
3912,High,Excellent
3913,Medium,Excellent
3914,Medium,Excellent
3915,High,Outstanding
3916,High,Excellent
3917,High,Excellent
3918,High,Outstanding
3919,High,Outstanding
3920,High,Excellent
3921,High,Excellent
3922,High,Excellent
3923,Medium,Excellent
3924,Medium,Excellent
3925,Medium,Excellent
3926,High,Excellent
3927,High,Excellent
3928,High,Excellent
3929,High,Excellent
3930,Very High,Excellent
3931,Medium,Excellent
3932,High,Excellent
3933,High,Outstanding
3934,High,Excellent
3935,Medium,Excellent
3936,High,Excellent
3937,High,Excellent
3938,Low,Excellent
3939,High,Excellent
3940,High,Excellent
3941,High,Excellent
3942,High,Excellent
3943,High,Excellent
3944,Medium,Excellent
3945,High,Excellent
3946,High,Excellent
3947,High,Outstanding
3948,High,Excellent
3949,High,Excellent
3950,Medium,Outstanding
3951,Very High,Excellent
3952,High,Excellent
3953,High,Excellent
3954,Very High,Excellent
3955,Medium,Excellent
3956,High,Excellent
3957,Medium,Excellent
3958,High,Excellent
3959,Medium,Excellent
3960,Very High,Excellent
3961,Medium,Excellent
3962,Very High,Excellent
3963,High,Excellent
3964,High,Outstanding
3965,High,Excellent
3966,High,Excellent
3967,Medium,Excellent
3968,High,Excellent
3969,High,Excellent
3970,High,Excellent
3971,High,Excellent
3972,High,Excellent
3973,Very High,Outstanding
3974,High,Excellent
3975,Medium,Excellent
3976,High,Excellent
3977,Low,Excellent
3978,Medium,Excellent
3979,High,Excellent
3980,Medium,Excellent
3981,High,Excellent
3982,High,Excellent
3983,Medium,Excellent
3984,High,Excellent
3985,Medium,Excellent
3986,High,Excellent
3987,High,Excellent
3988,Medium,Excellent
3989,High,Excellent
3990,High,Excellent
3991,Low,Excellent
3992,Medium,Excellent
3993,High,Excellent
3994,High,Outstanding
3995,High,Excellent
3996,Medium,Excellent
3997,Medium,Excellent
3998,High,Excellent
3999,High,Outstanding
4000,High,Excellent
4001,High,Excellent
4002,High,Excellent
4003,High,Excellent
4004,Medium,Excellent
4005,High,Outstanding
4006,Medium,Excellent
4007,High,Excellent
4008,High,Excellent
4009,High,Excellent
4010,High,Excellent
4011,Very High,Excellent
4012,High,Outstanding
4013,Medium,Excellent
4014,Medium,Excellent
4015,Medium,Excellent
4016,Very High,Outstanding
4017,High,Outstanding
4018,High,Excellent
4019,High,Excellent
4020,Very High,Excellent
4021,High,Excellent
4022,High,Excellent
4023,Medium,Excellent
4024,High,Excellent
4025,High,Excellent
4026,Medium,Excellent
4027,Very High,Excellent
4028,Medium,Outstanding
4029,Medium,Excellent
4030,Low,Excellent
4031,High,Excellent
4032,Medium,Excellent
4033,Medium,Outstanding
4034,Very High,Excellent
4035,High,Excellent
4036,High,Excellent
4037,High,Outstanding
4038,High,Excellent
4039,High,Excellent
4040,High,Excellent
4041,Medium,Outstanding
4042,High,Excellent
4043,Very High,Outstanding
4044,Very High,Excellent
4045,High,Excellent
4046,High,Excellent
4047,High,Excellent
4048,High,Excellent
4049,High,Excellent
4050,High,Excellent
4051,High,Excellent
4052,High,Excellent
4053,High,Excellent
4054,High,Excellent
4055,High,Excellent
4056,High,Excellent
4057,High,Outstanding
4058,High,Excellent
4059,High,Outstanding
4060,Medium,Excellent
4061,High,Excellent
4062,High,Excellent
4063,High,Excellent
4064,High,Excellent
4065,Very High,Excellent
4066,Low,Excellent
4067,High,Excellent
4068,Medium,Excellent
4069,Very High,Excellent
4070,Very High,Outstanding
4071,Very High,Excellent
4072,High,Excellent
4073,Medium,Excellent
4074,Medium,Excellent
4075,Low,Excellent
4076,High,Excellent
4077,Medium,Excellent
4078,High,Excellent
4079,High,Excellent
4080,High,Excellent
4081,High,Excellent
4082,High,Excellent
4083,Medium,Excellent
4084,Medium,Excellent
4085,High,Excellent
4086,Medium,Excellent
4087,High,Excellent
4088,High,Excellent
4089,Very High,Excellent
4090,Low,Excellent
4091,High,Excellent
4092,Medium,Outstanding
4093,Medium,Excellent
4094,High,Excellent
4095,Medium,Excellent
4096,High,Excellent
4097,Medium,Excellent
4098,High,Excellent
4099,High,Excellent
4100,High,Excellent
4101,High,Excellent
4102,Low,Excellent
4103,Low,Excellent
4104,Medium,Excellent
4105,Medium,Excellent
4106,High,Excellent
4107,High,Outstanding
4108,Medium,Excellent
4109,High,Excellent
4110,Medium,Excellent
4111,High,Excellent
4112,High,Excellent
4113,Medium,Excellent
4114,High,Excellent
4115,High,Excellent
4116,High,Outstanding
4117,High,Excellent
4118,High,Excellent
4119,High,Excellent
4120,Very High,Excellent
4121,High,Excellent
4122,High,Excellent
4123,Medium,Excellent
4124,Medium,Outstanding
4125,High,Outstanding
4126,Medium,Outstanding
4127,High,Outstanding
4128,Very High,Excellent
4129,High,Excellent
4130,High,Excellent
4131,High,Excellent
4132,High,Excellent
4133,High,Excellent
4134,Medium,Outstanding
4135,Medium,Excellent
4136,Medium,Excellent
4137,Very High,Excellent
4138,High,Excellent
4139,Medium,Outstanding
4140,High,Excellent
4141,High,Excellent
4142,Medium,Excellent
4143,High,Excellent
4144,High,Excellent
4145,Very High,Excellent
4146,High,Excellent
4147,High,Outstanding
4148,High,Excellent
4149,High,Excellent
4150,High,Outstanding
4151,Medium,Excellent
4152,High,Excellent
4153,High,Excellent
4154,High,Outstanding
4155,High,Excellent
4156,High,Excellent
4157,Medium,Excellent
4158,Medium,Excellent
4159,High,Excellent
4160,High,Excellent
4161,High,Excellent
4162,High,Outstanding
4163,High,Excellent
4164,Medium,Excellent
4165,High,Excellent
4166,Medium,Excellent
4167,High,Excellent
4168,Very High,Excellent
4169,High,Excellent
4170,Very High,Excellent
4171,High,Excellent
4172,High,Excellent
4173,Medium,Excellent
4174,High,Excellent
4175,High,Excellent
4176,High,Excellent
4177,Low,Excellent
4178,High,Excellent
4179,High,Excellent
4180,Medium,Outstanding
4181,High,Excellent
4182,Low,Excellent
4183,High,Excellent
4184,High,Outstanding
4185,High,Excellent
4186,High,Excellent
4187,Medium,Excellent
4188,Medium,Excellent
4189,Medium,Excellent
4190,High,Excellent
4191,Medium,Excellent
4192,Medium,Excellent
4193,High,Excellent
4194,Medium,Excellent
4195,High,Excellent
4196,High,Outstanding
4197,Low,Excellent
4198,High,Excellent
4199,Medium,Excellent
4200,Medium,Excellent
4201,High,Excellent
4202,High,Excellent
4203,Low,Excellent
4204,High,Outstanding
4205,High,Excellent
4206,High,Excellent
4207,High,Outstanding
4208,High,Excellent
4209,High,Outstanding
4210,Medium,Excellent
4211,High,Excellent
4212,High,Excellent
4213,High,Excellent
4214,High,Excellent
4215,High,Excellent
4216,High,Excellent
4217,High,Excellent
4218,High,Excellent
4219,High,Excellent
4220,High,Excellent
4221,High,Excellent
4222,Very High,Excellent
4223,Medium,Excellent
4224,High,Excellent
4225,Low,Outstanding
4226,Medium,Excellent
4227,High,Excellent
4228,High,Excellent
4229,Very High,Excellent
4230,Low,Excellent
4231,High,Excellent
4232,High,Excellent
4233,High,Excellent
4234,High,Excellent
4235,High,Excellent
4236,Very High,Excellent
4237,High,Excellent
4238,High,Excellent
4239,High,Outstanding
4240,Medium,Excellent
4241,Very High,Outstanding
4242,High,Outstanding
4243,Medium,Excellent
4244,High,Excellent
4245,High,Excellent
4246,High,Excellent
4247,Medium,Excellent
4248,Medium,Outstanding
4249,High,Outstanding
4250,Medium,Excellent
4251,Very High,Excellent
4252,Medium,Excellent
4253,High,Excellent
4254,Medium,Excellent
4255,High,Outstanding
4256,Medium,Outstanding
4257,High,Outstanding
4258,High,Excellent
4259,Medium,Excellent
4260,Medium,Excellent
4261,High,Outstanding
4262,High,Excellent
4263,High,Excellent
4264,High,Excellent
4265,High,Excellent
4266,High,Excellent
4267,High,Excellent
4268,High,Excellent
4269,High,Outstanding
4270,High,Excellent
4271,High,Excellent
4272,High,Excellent
4273,High,Outstanding
4274,High,Outstanding
4275,Low,Excellent
4276,High,Excellent
4277,High,Outstanding
4278,Medium,Excellent
4279,Medium,Excellent
4280,High,Outstanding
4281,High,Excellent
4282,Medium,Excellent
4283,Very High,Excellent
4284,Very High,Excellent
4285,Medium,Outstanding
4286,Low,Excellent
4287,Very High,Excellent
4288,Very High,Outstanding
4289,Very High,Excellent
4290,Very High,Excellent
4291,Medium,Excellent
4292,High,Excellent
4293,Medium,Excellent
4294,High,Outstanding
4295,High,Excellent
4296,Very High,Excellent
4297,High,Outstanding
4298,High,Excellent
4299,High,Excellent
4300,Medium,Excellent
4301,Very High,Excellent
4302,Medium,Excellent
4303,High,Excellent
4304,High,Excellent
4305,Medium,Excellent
4306,High,Excellent
4307,Low,Excellent
4308,Very High,Excellent
4309,High,Excellent
4310,Low,Excellent
4311,High,Excellent
4312,High,Excellent
4313,High,Outstanding
4314,Very High,Excellent
4315,Medium,Excellent
4316,High,Excellent
4317,High,Excellent
4318,Very High,Excellent
4319,High,Excellent
4320,Medium,Excellent
4321,Medium,Excellent
4322,High,Excellent
4323,High,Excellent
4324,High,Outstanding
4325,High,Outstanding
4326,High,Excellent
4327,High,Excellent
4328,Medium,Excellent
4329,High,Excellent
4330,High,Outstanding
4331,Low,Excellent
4332,Very High,Excellent
4333,Very High,Excellent
4334,High,Excellent
4335,High,Outstanding
4336,Medium,Excellent
4337,High,Excellent
4338,Low,Excellent
4339,High,Outstanding
4340,Medium,Excellent
4341,Very High,Excellent
4342,High,Excellent
4343,High,Excellent
4344,High,Excellent
4345,Very High,Excellent
4346,Medium,Outstanding
4347,High,Excellent
4348,Low,Excellent
4349,Very High,Excellent
4350,High,Excellent
4351,High,Excellent
4352,Very High,Excellent
4353,Medium,Excellent
4354,High,Excellent
4355,High,Outstanding
4356,Medium,Excellent
4357,High,Excellent
4358,High,Excellent
4359,High,Excellent
4360,High,Excellent
4361,Very High,Outstanding
4362,High,Excellent
4363,Very High,Excellent
4364,Medium,Excellent
4365,High,Excellent
4366,High,Excellent
4367,Medium,Excellent
4368,Medium,Excellent
4369,Medium,Excellent
4370,Medium,Excellent
4371,High,Excellent
4372,Medium,Excellent
4373,Medium,Outstanding
4374,High,Outstanding
4375,High,Excellent
4376,High,Excellent
4377,Medium,Excellent
4378,High,Excellent
4379,High,Excellent
4380,High,Excellent
4381,Medium,Excellent
4382,High,Outstanding
4383,High,Excellent
4384,High,Excellent
4385,Very High,Excellent
4386,Very High,Outstanding
4387,Medium,Outstanding
4388,High,Outstanding
4389,High,Excellent
4390,Medium,Excellent
4391,Medium,Excellent
4392,High,Excellent
4393,Very High,Excellent
4394,Medium,Excellent
4395,Medium,Excellent
4396,Medium,Excellent
4397,Medium,Excellent
4398,Very High,Excellent
4399,High,Excellent
4400,Medium,Excellent
4401,High,Excellent
4402,Medium,Excellent
4403,High,Excellent
4404,High,Excellent
4405,Medium,Excellent
4406,High,Excellent
4407,Medium,Excellent
4408,High,Outstanding
4409,Medium,Excellent
4410,Very High,Excellent
